 Trial name                      , status     , loc                 ,   stoch_latent_dim ,   mach_latent_dim ,   alpha_prof ,   alpha_mach ,   beta_mach_unsup ,   beta_stoch ,     loss ,   loss_mp 
 train_model_on_tune_8a726_00033 , TERMINATED , 10.140.0.117:133949 ,3,11,500,500,0.005,1,0.12606,0.696712
 train_model_on_tune_8a726_00078 , TERMINATED , 10.140.0.117:129776 ,4,9,500,500,0.005,1,0.131268,0.698575
 train_model_on_tune_8a726_00025 , TERMINATED , 10.140.0.117:133946 ,3,10,500,500,0.1,1,0.132132,0.694512
 train_model_on_tune_8a726_00172 , TERMINATED , 10.140.0.117:20238  ,6,6,500,500,0.0001,1,0.133978,0.692503
 train_model_on_tune_8a726_00123 , TERMINATED , 10.140.0.117:69573  ,5,7,500,500,0.005,1,0.135791,0.68806
 train_model_on_tune_8a726_00129 , TERMINATED , 10.140.0.117:79674  ,5,8,500,500,0.0005,1,0.137446,0.699326
 train_model_on_tune_8a726_00130 , TERMINATED , 10.140.0.117:81434  ,5,9,500,500,0.1,1,0.139539,0.692889
 train_model_on_tune_8a726_00210 , TERMINATED , 10.140.0.117:107032 ,6,14,500,500,0.1,1,0.140552,0.698424
 train_model_on_tune_8a726_00214 , TERMINATED , 10.140.0.117:110106 ,6,14,500,500,0.0005,1,0.141279,0.70617
 train_model_on_tune_8a726_00170 , TERMINATED , 10.140.0.117:17465  ,6,6,500,500,0.1,1,0.141521,0.684921
 train_model_on_tune_8a726_00120 , TERMINATED , 10.140.0.117:58432  ,5,7,500,500,0.1,1,0.141623,0.690964
 train_model_on_tune_8a726_00125 , TERMINATED , 10.140.0.117:73127  ,5,8,500,500,0.1,1,0.142774,0.693065
 train_model_on_tune_8a726_00001 , TERMINATED , 10.140.0.117:134006 ,3,5,500,500,0.001,1,0.144142,0.692997
 train_model_on_tune_8a726_00128 , TERMINATED , 10.140.0.117:79309  ,5,8,500,500,0.005,1,0.144354,0.703643
 train_model_on_tune_8a726_00126 , TERMINATED , 10.140.0.117:73262  ,5,8,500,500,0.001,1,0.14502,0.701056
 train_model_on_tune_8a726_00004 , TERMINATED , 10.140.0.117:134004 ,3,5,500,500,0.0005,1,0.146695,0.691249
 train_model_on_tune_8a726_00075 , TERMINATED , 10.140.0.117:124148 ,4,9,500,500,0.1,1,0.14749,0.698684
 train_model_on_tune_8a726_00121 , TERMINATED , 10.140.0.117:59392  ,5,7,500,500,0.001,1,0.147532,0.697241
 train_model_on_tune_8a726_00050 , TERMINATED , 10.140.0.117:75901  ,3,15,500,500,0.1,1,0.148439,0.704412
 train_model_on_tune_8a726_00028 , TERMINATED , 10.140.0.117:133940 ,3,10,500,500,0.005,1,0.148626,0.70455
 train_model_on_tune_8a726_00124 , TERMINATED , 10.140.0.117:70115  ,5,7,500,500,0.0005,1,0.148822,0.704677
 train_model_on_tune_8a726_00109 , TERMINATED , 10.140.0.117:38338  ,4,15,500,500,0.0005,1,0.149824,0.70911
 train_model_on_tune_8a726_00053 , ERROR      , 10.140.0.117:78890  ,3,15,500,500,0.005,1,0.149919,0.702166
 train_model_on_tune_8a726_00030 , TERMINATED , 10.140.0.117:133941 ,3,11,500,500,0.1,1,0.150504,0.687855
 train_model_on_tune_8a726_00122 , TERMINATED , 10.140.0.117:62928  ,5,7,500,500,0.0001,1,0.151422,0.688716
 train_model_on_tune_8a726_00002 , TERMINATED , 10.140.0.117:133996 ,3,5,500,500,0.0001,1,0.15244,0.703994
 train_model_on_tune_8a726_00213 , TERMINATED , 10.140.0.117:108709 ,6,14,500,500,0.005,1,0.152505,0.703868
 train_model_on_tune_8a726_00211 , TERMINATED , 10.140.0.117:108142 ,6,14,500,500,0.001,1,0.154092,0.688338
 train_model_on_tune_8a726_00051 , TERMINATED , 10.140.0.117:76012  ,3,15,500,500,0.001,1,0.155545,0.696158
 train_model_on_tune_8a726_00212 , TERMINATED , 10.140.0.117:108321 ,6,14,500,500,0.0001,1,0.155698,0.704923
 train_model_on_tune_8a726_00163 , TERMINATED , 10.140.0.117:154867 ,5,15,500,500,0.005,1,0.156493,0.696897
 train_model_on_tune_8a726_00164 , TERMINATED , 10.140.0.117:1998   ,5,15,500,500,0.0005,1,0.156682,0.690369
 train_model_on_tune_8a726_00160 , TERMINATED , 10.140.0.117:148445 ,5,15,500,500,0.1,1,0.157301,0.688367
 train_model_on_tune_8a726_00178 , TERMINATED , 10.140.0.117:33834  ,6,7,500,500,0.005,1,0.158062,0.712499
 train_model_on_tune_8a726_00161 , TERMINATED , 10.140.0.117:149417 ,5,15,500,500,0.001,1,0.158951,0.715102
 train_model_on_tune_8a726_00054 , TERMINATED , 10.140.0.117:79711  ,3,15,500,500,0.0005,1,0.159137,0.685939
 train_model_on_tune_8a726_00176 , TERMINATED , 10.140.0.117:29036  ,6,7,500,500,0.001,1,0.160486,0.691056
 train_model_on_tune_8a726_00177 , TERMINATED , 10.140.0.117:32406  ,6,7,500,500,0.0001,1,0.161252,0.703967
 train_model_on_tune_8a726_00115 , TERMINATED , 10.140.0.117:49261  ,5,6,500,500,0.1,1,0.161385,0.697908
 train_model_on_tune_8a726_00162 , TERMINATED , 10.140.0.117:152598 ,5,15,500,500,0.0001,1,0.161965,0.70922
 train_model_on_tune_8a726_00166 , TERMINATED , 10.140.0.117:6330   ,6,5,500,500,0.001,1,0.161974,0.698598
 train_model_on_tune_8a726_00008 , TERMINATED , 10.140.0.117:133995 ,3,6,500,500,0.005,1,0.162774,0.7012
 train_model_on_tune_8a726_00143 , TERMINATED , 10.140.0.117:113328 ,5,11,500,500,0.005,1,0.163133,0.701956
 train_model_on_tune_8a726_00062 , TERMINATED , 10.140.0.117:96884  ,4,6,500,500,0.0001,1,0.165743,0.702627
 train_model_on_tune_8a726_00179 , TERMINATED , 10.140.0.117:35995  ,6,7,500,500,0.0005,1,0.169522,0.700579
 train_model_on_tune_8a726_00192 , TERMINATED , 10.140.0.117:67954  ,6,10,500,500,0.0001,1,0.183919,0.706744
 train_model_on_tune_8a726_00190 , TERMINATED , 10.140.0.117:60881  ,6,10,500,500,0.1,1,0.185781,0.696107
 train_model_on_tune_8a726_00193 , TERMINATED , 10.140.0.117:68722  ,6,10,500,500,0.005,1,0.195375,0.710122
 train_model_on_tune_8a726_00014 , ERROR      , 10.140.0.117:133982 ,3,7,500,500,0.0005,1,0.219679,0.716737
 train_model_on_tune_8a726_00040 , TERMINATED , 10.140.0.117:49601  ,3,13,500,500,0.1,1,0.312614,0.786361
 train_model_on_tune_8a726_00034 , TERMINATED , 10.140.0.117:133951 ,3,11,500,500,0.0005,1,0.321011,0.792032
 train_model_on_tune_8a726_00146 , TERMINATED , 10.140.0.117:116625 ,5,12,500,500,0.001,1,0.322165,0.798656
 train_model_on_tune_8a726_00043 , TERMINATED , 10.140.0.117:57515  ,3,13,500,500,0.005,1,0.322182,0.791706
 train_model_on_tune_8a726_00077 , TERMINATED , 10.140.0.117:128889 ,4,9,500,500,0.0001,1,0.324585,0.799995
 train_model_on_tune_8a726_00041 , TERMINATED , 10.140.0.117:56095  ,3,13,500,500,0.001,1,0.325481,0.805271
 train_model_on_tune_8a726_00202 , TERMINATED , 10.140.0.117:87652  ,6,12,500,500,0.0001,1,0.325757,0.790659
 train_model_on_tune_8a726_00044 , TERMINATED , 10.140.0.117:59494  ,3,13,500,500,0.0005,1,0.326081,0.787405
 train_model_on_tune_8a726_00149 , TERMINATED , 10.140.0.117:126227 ,5,12,500,500,0.0005,1,0.326163,0.788376
 train_model_on_tune_8a726_00031 , TERMINATED , 10.140.0.117:133945 ,3,11,500,500,0.001,1,0.326202,0.791876
 train_model_on_tune_8a726_00183 , TERMINATED , 10.140.0.117:47174  ,6,8,500,500,0.005,1,0.327355,0.790826
 train_model_on_tune_8a726_00201 , TERMINATED , 10.140.0.117:86763  ,6,12,500,500,0.001,1,0.328551,0.785943
 train_model_on_tune_8a726_00204 , TERMINATED , 10.140.0.117:88454  ,6,12,500,500,0.0005,1,0.328917,0.798608
 train_model_on_tune_8a726_00042 , TERMINATED , 10.140.0.117:56259  ,3,13,500,500,0.0001,1,0.328936,0.79125
 train_model_on_tune_8a726_00133 , TERMINATED , 10.140.0.117:90771  ,5,9,500,500,0.005,1,0.329098,0.799153
 train_model_on_tune_8a726_00072 , TERMINATED , 10.140.0.117:116784 ,4,8,500,500,0.0001,1,0.329293,0.792972
 train_model_on_tune_8a726_00119 , TERMINATED , 10.140.0.117:57263  ,5,6,500,500,0.0005,1,0.330143,0.789148
 train_model_on_tune_8a726_00182 , TERMINATED , 10.140.0.117:40794  ,6,8,500,500,0.0001,1,0.330367,0.794815
 train_model_on_tune_8a726_00132 , TERMINATED , 10.140.0.117:90310  ,5,9,500,500,0.0001,1,0.330685,0.800713
 train_model_on_tune_8a726_00145 , TERMINATED , 10.140.0.117:114026 ,5,12,500,500,0.1,1,0.331674,0.790394
 train_model_on_tune_8a726_00076 , TERMINATED , 10.140.0.117:124150 ,4,9,500,500,0.001,1,0.331888,0.796281
 train_model_on_tune_8a726_00134 , TERMINATED , 10.140.0.117:93067  ,5,9,500,500,0.0005,1,0.332085,0.80135
 train_model_on_tune_8a726_00148 , TERMINATED , 10.140.0.117:121842 ,5,12,500,500,0.005,1,0.33287,0.796752
 train_model_on_tune_8a726_00203 , TERMINATED , 10.140.0.117:87991  ,6,12,500,500,0.005,1,0.33344,0.788248
 train_model_on_tune_8a726_00131 , TERMINATED , 10.140.0.117:83915  ,5,9,500,500,0.001,1,0.333586,0.792892
 train_model_on_tune_8a726_00181 , TERMINATED , 10.140.0.117:38082  ,6,8,500,500,0.001,1,0.333641,0.793128
 train_model_on_tune_8a726_00015 , TERMINATED , 10.140.0.117:133967 ,3,8,500,500,0.1,1,0.333896,0.801471
 train_model_on_tune_8a726_00147 , TERMINATED , 10.140.0.117:119476 ,5,12,500,500,0.0001,1,0.333978,0.800805
 train_model_on_tune_8a726_00039 , TERMINATED , 10.140.0.117:133933 ,3,12,500,500,0.0005,1,0.334071,0.787614
 train_model_on_tune_8a726_00118 , TERMINATED , 10.140.0.117:53345  ,5,6,500,500,0.005,1,0.337333,0.790193
 train_model_on_tune_8a726_00061 , TERMINATED , 10.140.0.117:96421  ,4,6,500,500,0.001,1,0.337431,0.799656
 train_model_on_tune_8a726_00063 , TERMINATED , 10.140.0.117:98501  ,4,6,500,500,0.005,1,0.337448,0.807473
 train_model_on_tune_8a726_00094 , TERMINATED , 10.140.0.117:8968   ,4,12,500,500,0.0005,1,0.338257,0.803359
 train_model_on_tune_8a726_00117 , TERMINATED , 10.140.0.117:53323  ,5,6,500,500,0.0001,1,0.338313,0.799093
 train_model_on_tune_8a726_00184 , TERMINATED , 10.140.0.117:48914  ,6,8,500,500,0.0005,1,0.338996,0.790555
 train_model_on_tune_8a726_00200 , TERMINATED , 10.140.0.117:85601  ,6,12,500,500,0.1,1,0.339911,0.790982
 train_model_on_tune_8a726_00003 , TERMINATED , 10.140.0.117:134003 ,3,5,500,500,0.005,1,0.341516,0.808453
 train_model_on_tune_8a726_00112 , TERMINATED , 10.140.0.117:42244  ,5,5,500,500,0.0001,1,0.341729,0.790142
 train_model_on_tune_8a726_00079 , TERMINATED , 10.140.0.117:131897 ,4,9,500,500,0.0005,1,0.34191,0.793264
 train_model_on_tune_8a726_00006 , TERMINATED , 10.140.0.117:133999 ,3,6,500,500,0.001,1,0.342482,0.808904
 train_model_on_tune_8a726_00009 , TERMINATED , 10.140.0.117:133991 ,3,6,500,500,0.0005,1,0.344255,0.803546
 train_model_on_tune_8a726_00175 , TERMINATED , 10.140.0.117:26625  ,6,7,500,500,0.1,1,0.344537,0.80018
 train_model_on_tune_8a726_00000 , TERMINATED , 10.140.0.117:134008 ,3,5,500,500,0.1,1,0.345481,0.803215
 train_model_on_tune_8a726_00007 , TERMINATED , 10.140.0.117:133993 ,3,6,500,500,0.0001,1,0.346572,0.803831
 train_model_on_tune_8a726_00005 , TERMINATED , 10.140.0.117:134000 ,3,6,500,500,0.1,1,0.347901,0.80981
 train_model_on_tune_8a726_00180 , TERMINATED , 10.140.0.117:37368  ,6,8,500,500,0.1,1,0.348882,0.797204
 train_model_on_tune_8a726_00018 , TERMINATED , 10.140.0.117:133966 ,3,8,500,500,0.005,1,0.34977,0.802146
 train_model_on_tune_8a726_00026 , TERMINATED , 10.140.0.117:133947 ,3,10,500,500,0.001,1,0.350648,0.821849
 train_model_on_tune_8a726_00064 , TERMINATED , 10.140.0.117:99335  ,4,6,500,500,0.0005,1,0.350988,0.809408
 train_model_on_tune_8a726_00191 , TERMINATED , 10.140.0.117:67797  ,6,10,500,500,0.001,1,0.352495,0.817053
 train_model_on_tune_8a726_00027 , TERMINATED , 10.140.0.117:133950 ,3,10,500,500,0.0001,1,0.352813,0.807658
 train_model_on_tune_8a726_00141 , TERMINATED , 10.140.0.117:110688 ,5,11,500,500,0.001,1,0.352903,0.812715
 train_model_on_tune_8a726_00029 , TERMINATED , 10.140.0.117:133942 ,3,10,500,500,0.0005,1,0.353912,0.81345
 train_model_on_tune_8a726_00116 , TERMINATED , 10.140.0.117:49798  ,5,6,500,500,0.001,1,0.354389,0.804951
 train_model_on_tune_8a726_00168 , TERMINATED , 10.140.0.117:14118  ,6,5,500,500,0.005,1,0.354453,0.800005
 train_model_on_tune_8a726_00019 , TERMINATED , 10.140.0.117:133961 ,3,8,500,500,0.0005,1,0.356715,0.809967
 train_model_on_tune_8a726_00017 , TERMINATED , 10.140.0.117:133960 ,3,8,500,500,0.0001,1,0.35806,0.81465
 train_model_on_tune_8a726_00060 , TERMINATED , 10.140.0.117:94812  ,4,6,500,500,0.1,1,0.360471,0.813321
 train_model_on_tune_8a726_00186 , TERMINATED , 10.140.0.117:53826  ,6,9,500,500,0.001,1,0.362623,0.813789
 train_model_on_tune_8a726_00016 , TERMINATED , 10.140.0.117:133964 ,3,8,500,500,0.001,1,0.362634,0.819809
 train_model_on_tune_8a726_00055 , TERMINATED , 10.140.0.117:80145  ,4,5,500,500,0.1,1,0.363838,0.814776
 train_model_on_tune_8a726_00057 , TERMINATED , 10.140.0.117:85033  ,4,5,500,500,0.0001,1,0.36421,0.813318
 train_model_on_tune_8a726_00059 , TERMINATED , 10.140.0.117:94345  ,4,5,500,500,0.0005,1,0.365446,0.8031
 train_model_on_tune_8a726_00194 , TERMINATED , 10.140.0.117:69066  ,6,10,500,500,0.0005,1,0.367504,0.81096
 train_model_on_tune_8a726_00140 , TERMINATED , 10.140.0.117:107538 ,5,11,500,500,0.1,1,0.367626,0.81525
 train_model_on_tune_8a726_00058 , TERMINATED , 10.140.0.117:90363  ,4,5,500,500,0.005,1,0.368568,0.807353
 train_model_on_tune_8a726_00144 , TERMINATED , 10.140.0.117:114023 ,5,11,500,500,0.0005,1,0.370701,0.809804
 train_model_on_tune_8a726_00011 , TERMINATED , 10.140.0.117:133987 ,3,7,500,500,0.001,1,0.373487,0.814688
 train_model_on_tune_8a726_00056 , TERMINATED , 10.140.0.117:84411  ,4,5,500,500,0.001,1,0.374793,0.819028
 train_model_on_tune_8a726_00020 , TERMINATED , 10.140.0.117:133956 ,3,9,500,500,0.1,1,0.377589,0.717694
 train_model_on_tune_8a726_00021 , TERMINATED , 10.140.0.117:133952 ,3,9,500,500,0.001,1,0.380568,0.808758
 train_model_on_tune_8a726_00024 , TERMINATED , 10.140.0.117:133937 ,3,9,500,500,0.0005,1,0.382133,0.813221
 train_model_on_tune_8a726_00023 , TERMINATED , 10.140.0.117:133948 ,3,9,500,500,0.005,1,0.382292,0.823077
 train_model_on_tune_8a726_00085 , TERMINATED , 10.140.0.117:148494 ,4,11,500,500,0.1,1,0.384441,0.723699
 train_model_on_tune_8a726_00022 , TERMINATED , 10.140.0.117:133944 ,3,9,500,500,0.0001,1,0.384442,0.804975
 train_model_on_tune_8a726_00173 , TERMINATED , 10.140.0.117:21277  ,6,6,500,500,0.005,1,0.384999,0.733356
 train_model_on_tune_8a726_00174 , TERMINATED , 10.140.0.117:22817  ,6,6,500,500,0.0005,1,0.386332,0.732274
 train_model_on_tune_8a726_00153 , TERMINATED , 10.140.0.117:134148 ,5,13,500,500,0.005,1,0.386997,0.720347
 train_model_on_tune_8a726_00171 , TERMINATED , 10.140.0.117:17870  ,6,6,500,500,0.001,1,0.388535,0.735728
 train_model_on_tune_8a726_00150 , TERMINATED , 10.140.0.117:128693 ,5,13,500,500,0.1,1,0.388819,0.700779
 train_model_on_tune_8a726_00152 , TERMINATED , 10.140.0.117:133515 ,5,13,500,500,0.0001,1,0.389502,0.708318
 train_model_on_tune_8a726_00154 , TERMINATED , 10.140.0.117:137261 ,5,13,500,500,0.0005,1,0.394929,0.710901
 train_model_on_tune_8a726_00088 , TERMINATED , 10.140.0.117:149726 ,4,11,500,500,0.005,1,0.397302,0.731922
 train_model_on_tune_8a726_00089 , TERMINATED , 10.140.0.117:152279 ,4,11,500,500,0.0005,1,0.399195,0.702884
 train_model_on_tune_8a726_00086 , TERMINATED , 10.140.0.117:148841 ,4,11,500,500,0.001,1,0.400822,0.6996
 train_model_on_tune_8a726_00087 , TERMINATED , 10.140.0.117:149521 ,4,11,500,500,0.0001,1,0.401014,0.715771
 train_model_on_tune_8a726_00151 , TERMINATED , 10.140.0.117:131592 ,5,13,500,500,0.001,1,0.402207,0.695885
 train_model_on_tune_8a726_00157 , TERMINATED , 10.140.0.117:143233 ,5,14,500,500,0.0001,1,0.403266,0.699837
 train_model_on_tune_8a726_00159 , TERMINATED , 10.140.0.117:146903 ,5,14,500,500,0.0005,1,0.405002,0.697385
 train_model_on_tune_8a726_00188 , TERMINATED , 10.140.0.117:57325  ,6,9,500,500,0.005,1,0.40538,0.702497
 train_model_on_tune_8a726_00091 , TERMINATED , 10.140.0.117:4681   ,4,12,500,500,0.001,1,0.406398,0.817892
 train_model_on_tune_8a726_00187 , TERMINATED , 10.140.0.117:56393  ,6,9,500,500,0.0001,1,0.411828,0.815341
 train_model_on_tune_8a726_00189 , TERMINATED , 10.140.0.117:57801  ,6,9,500,500,0.0005,1,0.411842,0.800791
 train_model_on_tune_8a726_00114 , TERMINATED , 10.140.0.117:44852  ,5,5,500,500,0.0005,1,0.412502,0.697349
 train_model_on_tune_8a726_00185 , TERMINATED , 10.140.0.117:52406  ,6,9,500,500,0.1,1,0.412819,0.803556
 train_model_on_tune_8a726_00090 , TERMINATED , 10.140.0.117:152600 ,4,12,500,500,0.1,1,0.413328,0.807233
 train_model_on_tune_8a726_00099 , TERMINATED , 10.140.0.117:19498  ,4,13,500,500,0.0005,1,0.415419,0.827995
 train_model_on_tune_8a726_00012 , TERMINATED , 10.140.0.117:133985 ,3,7,500,500,0.0001,1,0.416664,0.779952
 train_model_on_tune_8a726_00049 , TERMINATED , 10.140.0.117:74842  ,3,14,500,500,0.0005,1,0.420509,0.81594
 train_model_on_tune_8a726_00096 , TERMINATED , 10.140.0.117:9555   ,4,13,500,500,0.001,1,0.431511,0.833595
 train_model_on_tune_8a726_00013 , TERMINATED , 10.140.0.117:133978 ,3,7,500,500,0.005,1,0.433833,0.793539
 train_model_on_tune_8a726_00167 , TERMINATED , 10.140.0.117:6566   ,6,5,500,500,0.0001,1,0.491802,1.00907
 train_model_on_tune_8a726_00052 , ERROR      , 10.140.0.117:76167  ,3,15,500,500,0.0001,1,0.517195,7.49847
 train_model_on_tune_8a726_00070 , TERMINATED , 10.140.0.117:114925 ,4,8,500,500,0.1,1,0.598642,0.846968
 train_model_on_tune_8a726_00142 , TERMINATED , 10.140.0.117:111185 ,5,11,500,500,0.0001,1,0.604616,0.793282
 train_model_on_tune_8a726_00069 , TERMINATED , 10.140.0.117:114381 ,4,7,500,500,0.0005,1,0.605487,1.04978
 train_model_on_tune_8a726_00032 , ERROR      , 10.140.0.117:133943 ,3,11,500,500,0.0001,1,0.625159,2.23839
 train_model_on_tune_8a726_00073 , TERMINATED , 10.140.0.117:119157 ,4,8,500,500,0.005,1,0.778729,0.797409
 train_model_on_tune_8a726_00035 , TERMINATED , 10.140.0.117:133938 ,3,12,500,500,0.1,1,0.783491,0.79831
 train_model_on_tune_8a726_00036 , TERMINATED , 10.140.0.117:133935 ,3,12,500,500,0.001,1,0.784478,0.783382
 train_model_on_tune_8a726_00038 , TERMINATED , 10.140.0.117:133936 ,3,12,500,500,0.005,1,0.787766,0.789136
 train_model_on_tune_8a726_00074 , TERMINATED , 10.140.0.117:119946 ,4,8,500,500,0.0005,1,0.788304,0.804284
 train_model_on_tune_8a726_00071 , TERMINATED , 10.140.0.117:116577 ,4,8,500,500,0.001,1,0.7886,0.820019
 train_model_on_tune_8a726_00095 , TERMINATED , 10.140.0.117:9551   ,4,13,500,500,0.1,1,0.810685,0.840084
 train_model_on_tune_8a726_00037 , ERROR      , 10.140.0.117:133934 ,3,12,500,500,0.0001,1,0.811695,2.87683
 train_model_on_tune_8a726_00127 , ERROR      , 10.140.0.117:78347  ,5,8,500,500,0.0001,1,0.83926,1.22449
 train_model_on_tune_8a726_00092 , TERMINATED , 10.140.0.117:4760   ,4,12,500,500,0.0001,1,0.850103,1.18744
 train_model_on_tune_8a726_00093 , TERMINATED , 10.140.0.117:8961   ,4,12,500,500,0.005,1,0.850103,0.858763
 train_model_on_tune_8a726_00215 , TERMINATED , 10.140.0.117:113330 ,6,15,500,500,0.1,1,0.850166,1.1876
 train_model_on_tune_8a726_00216 , TERMINATED , 10.140.0.117:119006 ,6,15,500,500,0.001,1,0.850166,1.18729
 train_model_on_tune_8a726_00217 , TERMINATED , 10.140.0.117:121282 ,6,15,500,500,0.0001,1,0.850166,1.18707
 train_model_on_tune_8a726_00218 , TERMINATED , 10.140.0.117:127248 ,6,15,500,500,0.005,1,0.850166,1.18728
 train_model_on_tune_8a726_00219 , TERMINATED , 10.140.0.117:127675 ,6,15,500,500,0.0005,1,0.850166,1.18711
 train_model_on_tune_8a726_00169 , TERMINATED , 10.140.0.117:14485  ,6,5,500,500,0.0005,1,0.850178,1.18804
 train_model_on_tune_8a726_00045 , TERMINATED , 10.140.0.117:60217  ,3,14,500,500,0.1,1,0.850188,1.04925
 train_model_on_tune_8a726_00046 , TERMINATED , 10.140.0.117:61613  ,3,14,500,500,0.001,1,0.850188,0.858308
 train_model_on_tune_8a726_00047 , TERMINATED , 10.140.0.117:69546  ,3,14,500,500,0.0001,1,0.850188,0.696036
 train_model_on_tune_8a726_00048 , TERMINATED , 10.140.0.117:69573  ,3,14,500,500,0.005,1,0.850188,0.849172
 train_model_on_tune_8a726_00165 , TERMINATED , 10.140.0.117:3323   ,6,5,500,500,0.1,1,0.85021,1.18777
 train_model_on_tune_8a726_00010 , TERMINATED , 10.140.0.117:133989 ,3,7,500,500,0.1,1,0.85032,1.18759
 train_model_on_tune_8a726_00080 , TERMINATED , 10.140.0.117:133871 ,4,10,500,500,0.1,1,0.850529,1.07827
 train_model_on_tune_8a726_00081 , TERMINATED , 10.140.0.117:134936 ,4,10,500,500,0.001,1,0.850529,0.764935
 train_model_on_tune_8a726_00082 , TERMINATED , 10.140.0.117:137708 ,4,10,500,500,0.0001,1,0.850529,0.810142
 train_model_on_tune_8a726_00083 , TERMINATED , 10.140.0.117:144406 ,4,10,500,500,0.005,1,0.850529,0.845078
 train_model_on_tune_8a726_00084 , TERMINATED , 10.140.0.117:144674 ,4,10,500,500,0.0005,1,0.850529,0.817428
 train_model_on_tune_8a726_00100 , TERMINATED , 10.140.0.117:19682  ,4,14,500,500,0.1,1,0.850529,1.07924
 train_model_on_tune_8a726_00101 , TERMINATED , 10.140.0.117:23644  ,4,14,500,500,0.001,1,0.850529,0.708756
 train_model_on_tune_8a726_00102 , TERMINATED , 10.140.0.117:23972  ,4,14,500,500,0.0001,1,0.850529,0.70325
 train_model_on_tune_8a726_00103 , TERMINATED , 10.140.0.117:24285  ,4,14,500,500,0.005,1,0.850529,0.728673
 train_model_on_tune_8a726_00104 , TERMINATED , 10.140.0.117:27497  ,4,14,500,500,0.0005,1,0.850529,0.712149
 train_model_on_tune_8a726_00105 , TERMINATED , 10.140.0.117:27754  ,4,15,500,500,0.1,1,0.850529,1.18825
 train_model_on_tune_8a726_00106 , TERMINATED , 10.140.0.117:29796  ,4,15,500,500,0.001,1,0.850529,0.721906
 train_model_on_tune_8a726_00107 , TERMINATED , 10.140.0.117:34673  ,4,15,500,500,0.0001,1,0.850529,0.709324
 train_model_on_tune_8a726_00108 , TERMINATED , 10.140.0.117:34697  ,4,15,500,500,0.005,1,0.850529,0.763303
 train_model_on_tune_8a726_00110 , TERMINATED , 10.140.0.117:38674  ,5,5,500,500,0.1,1,0.850529,1.18725
 train_model_on_tune_8a726_00111 , TERMINATED , 10.140.0.117:38755  ,5,5,500,500,0.001,1,0.850529,0.707649
 train_model_on_tune_8a726_00113 , TERMINATED , 10.140.0.117:42410  ,5,5,500,500,0.005,1,0.850529,0.755457
 train_model_on_tune_8a726_00135 , TERMINATED , 10.140.0.117:93072  ,5,10,500,500,0.1,1,0.850529,1.04179
 train_model_on_tune_8a726_00136 , TERMINATED , 10.140.0.117:99655  ,5,10,500,500,0.001,1,0.850529,0.818333
 train_model_on_tune_8a726_00137 , TERMINATED , 10.140.0.117:99663  ,5,10,500,500,0.0001,1,0.850529,0.823752
 train_model_on_tune_8a726_00138 , TERMINATED , 10.140.0.117:101625 ,5,10,500,500,0.005,1,0.850529,0.873947
 train_model_on_tune_8a726_00139 , TERMINATED , 10.140.0.117:104522 ,5,10,500,500,0.0005,1,0.850529,0.818672
 train_model_on_tune_8a726_00195 , TERMINATED , 10.140.0.117:71358  ,6,11,500,500,0.1,1,0.850529,1.03683
 train_model_on_tune_8a726_00196 , TERMINATED , 10.140.0.117:72341  ,6,11,500,500,0.001,1,0.850529,0.825165
 train_model_on_tune_8a726_00197 , TERMINATED , 10.140.0.117:72830  ,6,11,500,500,0.0001,1,0.850529,0.715919
 train_model_on_tune_8a726_00198 , TERMINATED , 10.140.0.117:81681  ,6,11,500,500,0.005,1,0.850529,0.85073
 train_model_on_tune_8a726_00199 , TERMINATED , 10.140.0.117:84017  ,6,11,500,500,0.0005,1,0.850529,0.801214
 train_model_on_tune_8a726_00205 , TERMINATED , 10.140.0.117:89150  ,6,13,500,500,0.1,1,0.850529,1.0421
 train_model_on_tune_8a726_00206 , TERMINATED , 10.140.0.117:96283  ,6,13,500,500,0.001,1,0.850529,1.10258
 train_model_on_tune_8a726_00207 , TERMINATED , 10.140.0.117:98770  ,6,13,500,500,0.0001,1,0.850529,1.10063
 train_model_on_tune_8a726_00208 , TERMINATED , 10.140.0.117:104060 ,6,13,500,500,0.005,1,0.850529,1.12036
 train_model_on_tune_8a726_00209 , TERMINATED , 10.140.0.117:106202 ,6,13,500,500,0.0005,1,0.850529,1.08393
 train_model_on_tune_8a726_00098 , TERMINATED , 10.140.0.117:12680  ,4,13,500,500,0.005,1,0.850583,0.924215
 train_model_on_tune_8a726_00097 , TERMINATED , 10.140.0.117:12280  ,4,13,500,500,0.0001,1,0.850616,1.18786
 train_model_on_tune_8a726_00155 , TERMINATED , 10.140.0.117:139788 ,5,14,500,500,0.1,1,0.850636,1.12454
 train_model_on_tune_8a726_00156 , TERMINATED , 10.140.0.117:142185 ,5,14,500,500,0.001,1,0.850636,0.738272
 train_model_on_tune_8a726_00158 , TERMINATED , 10.140.0.117:146524 ,5,14,500,500,0.005,1,0.850636,0.912776
 train_model_on_tune_8a726_00065 , TERMINATED , 10.140.0.117:100574 ,4,7,500,500,0.1,1,0.850648,1.18767
 train_model_on_tune_8a726_00066 , TERMINATED , 10.140.0.117:105328 ,4,7,500,500,0.001,1,0.850648,1.18755
 train_model_on_tune_8a726_00067 , TERMINATED , 10.140.0.117:109392 ,4,7,500,500,0.0001,1,0.850648,1.18745
 train_model_on_tune_8a726_00068 , TERMINATED , 10.140.0.117:109402 ,4,7,500,500,0.005,1,0.850648,1.18778
