trial_id,loss,KLD_loss,time_this_iter_s,done,timesteps_total,episodes_total,training_iteration,experiment_id,date,timestamp,time_total_s,pid,hostname,node_ip,time_since_restore,timesteps_since_restore,iterations_since_restore,experiment_tag,config.latent_dim,config.beta,config.num_conv_blocks,config.num_trans_conv_blocks,config.hidden_dims
dd087_00000,0.010562499053776264,-384.9015808105469,5.8260016441345215,True,,,350,c3965b3cf51d4706a794dd68fe71c18d,2021-12-15_19-24-16,1639589056,2130.3709971904755,115932,r13c24.bullx,10.140.2.218,2130.3709971904755,0,350,0_beta=1.51e-09,5,1.5100362943669804e-09,2,3,"[4, 2, 1]"
dd087_00001,0.010810866951942444,-237.84793090820312,6.013864755630493,True,,,240,bf965244279540f99ceae9f3b2d4cfbe,2021-12-15_19-13-24,1639588404,1475.783950805664,115942,r13c24.bullx,10.140.2.218,1475.783950805664,0,240,1_beta=5.7385e-09,5,5.738486174281457e-09,2,3,"[4, 2, 1]"
dd087_00002,0.5650485157966614,-2.689045857096062e-07,6.0353922843933105,True,,,30,3075fbaff0124935845e6be88cf37430,2021-12-15_18-51-54,1639587114,185.31442022323608,115945,r13c24.bullx,10.140.2.218,185.31442022323608,0,30,2_beta=0.015651,5,0.015651275478379224,2,3,"[4, 2, 1]"
dd087_00003,0.011547902598977089,-903.943115234375,6.198359966278076,True,,,120,e55ba01d416942d2bf01858b590681a5,2021-12-15_19-01-17,1639587677,748.3453187942505,115908,r13c24.bullx,10.140.2.218,748.3453187942505,0,120,3_beta=1.239e-10,5,1.2389849404219673e-10,2,3,"[4, 2, 1]"
dd087_00004,0.03775978088378906,-8.625760078430176,6.266888856887817,True,,,60,bbfe18671adc444682362fa155589b51,2021-12-15_18-55-01,1639587301,372.67824721336365,115906,r13c24.bullx,10.140.2.218,372.67824721336365,0,60,4_beta=4.7905e-05,5,4.7905257164517094e-05,2,3,"[4, 2, 1]"
dd087_00005,0.5650485754013062,-4.6376828777283663e-07,6.2414000034332275,True,,,30,9e24830a93b84301b67eb3d3f536e34e,2021-12-15_18-51-56,1639587116,188.010511636734,115896,r13c24.bullx,10.140.2.218,188.010511636734,0,30,5_beta=0.010703,5,0.010703133408714727,2,3,"[4, 2, 1]"
dd087_00006,0.01053723692893982,-126.32046508789062,5.481379270553589,True,,,350,8d5d7a050f5f4445b58fa30f7d0744e9,2021-12-15_19-24-26,1639589066,2138.0822620391846,115894,r13c24.bullx,10.140.2.218,2138.0822620391846,0,350,6_beta=8.7415e-09,5,8.741522677213177e-09,2,3,"[4, 2, 1]"
dd087_00007,0.015475860796868801,-30.641504287719727,6.230800151824951,True,,,60,28e784ae17594c0cbaee593dcc312325,2021-12-15_18-55-05,1639587305,376.95359110832214,115891,r13c24.bullx,10.140.2.218,376.95359110832214,0,60,7_beta=1.0145e-06,5,1.0145265841710747e-06,2,3,"[4, 2, 1]"
dd087_00008,0.053824618458747864,-11.852375984191895,6.256525754928589,True,,,30,1258e356906c4804a93b1c5b5c6a9e10,2021-12-15_18-55-02,1639587302,185.17666673660278,115886,r13c24.bullx,10.140.2.218,185.17666673660278,0,30,8_beta=4.0913e-05,5,4.091252263852326e-05,2,3,"[4, 2, 1]"
dd087_00009,0.016699906438589096,-25.486780166625977,5.888274431228638,True,,,60,bbde1cc278594d33a62848c87c8bd817,2021-12-15_18-58-11,1639587491,371.1665897369385,115884,r13c24.bullx,10.140.2.218,371.1665897369385,0,60,9_beta=2.2892e-06,5,2.289167501067299e-06,2,3,"[4, 2, 1]"
dd087_00010,0.011548953130841255,-862.0772705078125,6.070239067077637,True,,,120,a7b1535f535a4f778c3a351e5bc88982,2021-12-15_19-07-22,1639588042,738.0025496482849,115880,r13c24.bullx,10.140.2.218,738.0025496482849,0,120,10_beta=2.7814e-10,5,2.781440386429999e-10,2,3,"[4, 2, 1]"
dd087_00011,0.011544576846063137,-388.65679931640625,6.593244314193726,True,,,120,846f36fa488e4624a784a48d7624dda9,2021-12-15_19-07-21,1639588041,735.8769736289978,115878,r13c24.bullx,10.140.2.218,735.8769736289978,0,120,11_beta=6.3077e-09,5,6.307682192050516e-09,2,3,"[4, 2, 1]"
dd087_00012,0.054214756935834885,-12.0692720413208,6.270232677459717,True,,,30,06713f74bee14a5391a94378c854ef64,2021-12-15_18-58-12,1639587492,182.86888003349304,115876,r13c24.bullx,10.140.2.218,182.86888003349304,0,30,12_beta=3.959e-05,5,3.959016143007046e-05,2,3,"[4, 2, 1]"
dd087_00013,0.06747462600469589,-7.9205732345581055,6.037484169006348,True,,,30,17130c4baaaa4fb5bd7670cd0d61d9ce,2021-12-15_19-01-17,1639587677,183.36894392967224,115875,r13c24.bullx,10.140.2.218,183.36894392967224,0,30,13_beta=8.9843e-05,5,8.984257825736636e-05,2,3,"[4, 2, 1]"
dd087_00014,0.565054178237915,-9.083495200457037e-08,6.125030755996704,True,,,30,a2f789ca9e80422b97b1008c4c2bef91,2021-12-15_19-01-16,1639587676,181.89408493041992,115873,r13c24.bullx,10.140.2.218,181.89408493041992,0,30,14_beta=1.8183,5,1.8182689886203638,2,3,"[4, 2, 1]"
dd087_00015,0.016642285510897636,-25.73545265197754,6.34462833404541,True,,,60,b9ff8470669d4006a602d153226a6348,2021-12-15_19-07-28,1639588048,368.3424949645996,115870,r13c24.bullx,10.140.2.218,368.3424949645996,0,60,15_beta=2.1704e-06,5,2.170407316501712e-06,2,3,"[4, 2, 1]"
dd087_00016,0.01154349371790886,-868.6458740234375,6.199447393417358,True,,,120,451e4172ba2a478c969f9a0f67557db0,2021-12-15_19-13-33,1639588413,733.3078627586365,115869,r13c24.bullx,10.140.2.218,733.3078627586365,0,120,16_beta=2.442e-10,5,2.441977724832953e-10,2,3,"[4, 2, 1]"
dd087_00017,0.07971958070993423,-6.250274658203125,6.36207127571106,True,,,30,c374a14684d74106ad67f92f1b398b26,2021-12-15_19-04-25,1639587865,184.2392497062683,115867,r13c24.bullx,10.140.2.218,184.2392497062683,0,30,17_beta=0.00013402,5,0.00013401847732946693,2,3,"[4, 2, 1]"
dd087_00018,0.5650486350059509,-2.9467648346326314e-05,7.138559103012085,True,,,30,b5be59211f5b41779c0df54dcc444f28,2021-12-15_19-07-31,1639588051,182.827219247818,115865,r13c24.bullx,10.140.2.218,182.827219247818,0,30,18_beta=0.00078386,5,0.0007838619496382316,2,3,"[4, 2, 1]"
dd087_00019,0.015175547450780869,-42.36735534667969,5.71328330039978,True,,,60,b2cbddb56c4a429e8bb1fa00d7d4e586,2021-12-15_19-13-34,1639588414,370.3264214992523,115863,r13c24.bullx,10.140.2.218,370.3264214992523,0,60,19_beta=4.1337e-07,5,4.133724284945543e-07,2,3,"[4, 2, 1]"
dd087_00020,0.015216872096061707,-35.16432571411133,6.13640832901001,True,,,60,1533f95912db4ef08a35307ced7923d7,2021-12-15_19-13-31,1639588411,364.37626791000366,115860,r13c24.bullx,10.140.2.218,364.37626791000366,0,60,20_beta=6.7888e-07,5,6.788792958351801e-07,2,3,"[4, 2, 1]"
dd087_00021,0.010555275715887547,-714.1077270507812,5.756062269210815,True,,,350,8d92748f15d6481186329df848aa0437,2021-12-15_19-42-18,1639590138,2086.6001076698303,115861,r13c24.bullx,10.140.2.218,2086.6001076698303,0,350,21_beta=1.6492e-10,5,1.6491872273812623e-10,2,3,"[4, 2, 1]"
dd087_00022,0.5650485157966614,-6.455503580582445e-07,6.410006761550903,True,,,30,06f14f7d742648b087b2172c30a94fdd,2021-12-15_19-10-36,1639588236,182.79327297210693,115857,r13c24.bullx,10.140.2.218,182.79327297210693,0,30,22_beta=0.0087622,5,0.008762201495803621,2,3,"[4, 2, 1]"
dd087_00023,0.0925733745098114,-4.798863887786865,8.007285356521606,True,,,30,f73106b12a4a492eb7f744b817f49029,2021-12-15_19-13-42,1639588422,183.4437484741211,115859,r13c24.bullx,10.140.2.218,183.4437484741211,0,30,23_beta=0.00016665,5,0.00016665291662233163,2,3,"[4, 2, 1]"
dd087_00024,0.5650488138198853,-1.51504455061513e-05,6.243924379348755,True,,,30,61c434eff2db4d8f82ae3bafa8e2b95e,2021-12-15_19-16-25,1639588585,178.40424013137817,115855,r13c24.bullx,10.140.2.218,178.40424013137817,0,30,24_beta=0.00096716,5,0.0009671554705775452,2,3,"[4, 2, 1]"
dd087_00025,0.10198941081762314,-3.675384283065796,6.1538050174713135,True,,,30,f7c4f6a7581a4fd0b655394ef8c44248,2021-12-15_19-16-33,1639588593,178.33267903327942,115852,r13c24.bullx,10.140.2.218,178.33267903327942,0,30,25_beta=0.00026755,5,0.00026755383213955417,2,3,"[4, 2, 1]"
dd087_00026,0.5650486350059509,-1.19302711709679e-07,6.234285354614258,True,,,30,a048db1e2e834b0ebd2766b4f7c6bedd,2021-12-15_19-16-35,1639588595,178.80904364585876,115849,r13c24.bullx,10.140.2.218,178.80904364585876,0,30,26_beta=0.036857,5,0.03685695294143054,2,3,"[4, 2, 1]"
dd087_00027,0.5650485754013062,-1.1137395858895616e-06,6.2041120529174805,True,,,30,e00b5413a98547ab922bbf6b6de53516,2021-12-15_19-16-39,1639588599,179.86143851280212,115847,r13c24.bullx,10.140.2.218,179.86143851280212,0,30,27_beta=0.0064731,5,0.006473124939637818,2,3,"[4, 2, 1]"
dd087_00028,0.010555639863014221,-720.4119262695312,5.994648456573486,True,,,350,17adcee015bf4172b94ddc8cae91f1ef,2021-12-15_19-48-15,1639590495,2069.857850790024,115842,r13c24.bullx,10.140.2.218,2069.857850790024,0,350,28_beta=1.5088e-10,5,1.508771970270733e-10,2,3,"[4, 2, 1]"
dd087_00029,0.5650482773780823,-7.557419849035796e-06,5.834225416183472,True,,,30,e65c05b0e8564d33b15dec79b81c6b20,2021-12-15_19-19-26,1639588766,177.73270082473755,115845,r13c24.bullx,10.140.2.218,177.73270082473755,0,30,29_beta=0.0025221,5,0.0025221288037062606,2,3,"[4, 2, 1]"
dd087_00030,0.5650573372840881,-9.25257097605936e-08,6.224097967147827,True,,,30,289c11acfccb41b9978e78d4ea386d9f,2021-12-15_19-19-36,1639588776,180.57410192489624,115840,r13c24.bullx,10.140.2.218,180.57410192489624,0,30,30_beta=2.8107,5,2.8107361681647367,2,3,"[4, 2, 1]"
dd087_00031,0.02100473828613758,-19.14027976989746,6.254610061645508,True,,,60,3d12e00b99c04a6ca271e0d253040c7c,2021-12-15_19-22-34,1639588954,355.4862084388733,115838,r13c24.bullx,10.140.2.218,355.4862084388733,0,60,31_beta=5.1227e-06,5,5.122735661782167e-06,2,3,"[4, 2, 1]"
dd087_00032,0.5650501847267151,-8.773325532729359e-08,5.669077157974243,True,,,30,5cd792c77b1d44438ed79fbc88b81b72,2021-12-15_19-19-39,1639588779,176.13517045974731,115835,r13c24.bullx,10.140.2.218,176.13517045974731,0,30,32_beta=0.5598,5,0.5598022977009486,2,3,"[4, 2, 1]"
dd087_00033,0.10083140432834625,-3.7798070907592773,6.1473708152771,True,,,30,acaee36df3b645e485318188f37f99fa,2021-12-15_19-22-27,1639588947,177.6577627658844,115833,r13c24.bullx,10.140.2.218,177.6577627658844,0,30,33_beta=0.00025842,5,0.00025842236493800377,2,3,"[4, 2, 1]"
dd087_00034,0.019213633611798286,-19.10381317138672,5.882114887237549,True,,,60,ae9b4b65455f447f85216ed9e1d725d1,2021-12-15_19-25-33,1639589133,354.25191259384155,115832,r13c24.bullx,10.140.2.218,354.25191259384155,0,60,34_beta=5.4456e-06,5,5.4456298358161805e-06,2,3,"[4, 2, 1]"
dd087_00035,0.015003705397248268,-62.17280960083008,5.9324586391448975,True,,,60,2d8384b209ae49ed9919a3b1c0dd27be,2021-12-15_19-25-39,1639589139,357.0932672023773,115824,r13c24.bullx,10.140.2.218,357.0932672023773,0,60,35_beta=2.2087e-07,5,2.2086959530095743e-07,2,3,"[4, 2, 1]"
dd087_00036,0.010808619670569897,-414.7987976074219,5.889258146286011,True,,,240,463eff4d131741babe9f617eae8d87d0,2021-12-15_19-46-15,1639590375,1424.5962805747986,115823,r13c24.bullx,10.140.2.218,1424.5962805747986,0,240,36_beta=2.1339e-09,5,2.133904530455226e-09,2,3,"[4, 2, 1]"
dd087_00037,0.5650551915168762,-9.198588912795458e-08,5.871938228607178,True,,,30,83c32c14319647d582d1b4b129efc707,2021-12-15_19-25-33,1639589133,175.2053575515747,115825,r13c24.bullx,10.140.2.218,175.2053575515747,0,30,37_beta=2.138,5,2.1379926810459895,2,3,"[4, 2, 1]"
dd087_00038,0.014976605772972107,-509.29132080078125,5.841800928115845,True,,,60,e2acc6d256614781abded597c4f20bd1,2021-12-15_19-30-13,1639589413,354.06220412254333,115830,r13c24.bullx,10.140.2.218,354.06220412254333,0,60,38_beta=9.6144e-09,5,9.614380738148554e-09,2,3,"[4, 2, 1]"
dd087_00039,0.07147849351167679,-7.249383926391602,6.355744361877441,True,,,30,5612b943e9f443cab22d28547b9f7c1a,2021-12-15_19-27-25,1639589245,175.02071380615234,115831,r13c24.bullx,10.140.2.218,175.02071380615234,0,30,39_beta=0.0001082,5,0.00010819878773905409,2,3,"[4, 2, 1]"
dd087_00040,0.5650485754013062,-1.4607603304739314e-07,5.69420313835144,True,,,30,5c1c377ab47043b0975418d9c6e61ae4,2021-12-15_19-28-31,1639589311,174.6119019985199,24314,r13c24.bullx,10.140.2.218,174.6119019985199,0,30,40_beta=0.027473,5,0.027473287834461294,2,3,"[4, 2, 1]"
dd087_00041,0.017287544906139374,-23.3133487701416,6.015779495239258,True,,,60,fa77194102904e22ad3601ee495f8d4b,2021-12-15_19-31-29,1639589489,351.7579445838928,24770,r13c24.bullx,10.140.2.218,351.7579445838928,0,60,41_beta=3.2352e-06,5,3.2351710365245225e-06,2,3,"[4, 2, 1]"
dd087_00042,0.5650777816772461,-9.840569248353859e-08,5.781996726989746,True,,,30,67dde4a0c61a4a4e81d5884d1b6970c1,2021-12-15_19-28-39,1639589319,177.25443577766418,28067,r13c24.bullx,10.140.2.218,177.25443577766418,0,30,42_beta=8.7451,5,8.74508509882998,2,3,"[4, 2, 1]"
dd087_00043,0.011546218767762184,-350.07965087890625,5.73679780960083,True,,,120,1e819cb624c342979a6ea56412ba1ff8,2021-12-15_19-39-14,1639589954,706.1028320789337,90702,r13c24.bullx,10.140.2.218,706.1028320789337,0,120,43_beta=7.4715e-09,5,7.471546379014499e-09,2,3,"[4, 2, 1]"
dd087_00044,0.5650559663772583,-9.147029800260498e-08,5.862671375274658,True,,,30,a7ab4a9b1dc0416885e7d0cd74354ff5,2021-12-15_19-31-29,1639589489,174.4058804512024,129120,r13c24.bullx,10.140.2.218,174.4058804512024,0,30,44_beta=2.4137,5,2.4137055299586927,2,3,"[4, 2, 1]"
dd087_00045,0.565048336982727,-8.125310159812216e-06,6.612073183059692,True,,,30,8b19cb87d8014849b95ab1801c50e157,2021-12-15_19-31-38,1639589498,175.2921175956726,134554,r13c24.bullx,10.140.2.218,175.2921175956726,0,30,45_beta=0.0024474,5,0.0024473812526095945,2,3,"[4, 2, 1]"
dd087_00046,0.5650484561920166,-3.3823898775153793e-06,5.723435640335083,True,,,30,c7934d65921e4626bfd9a7de206d6ad3,2021-12-15_19-33-12,1639589592,175.33462381362915,189417,r13c24.bullx,10.140.2.218,175.33462381362915,0,30,46_beta=0.0037005,5,0.003700474203127918,2,3,"[4, 2, 1]"
dd087_00047,0.18844731152057648,-3.495213747024536,5.946864366531372,True,,,30,c4d147b06f824b6eb6b51a8a9b00298b,2021-12-15_19-34-30,1639589670,178.5574541091919,234121,r13c24.bullx,10.140.2.218,178.5574541091919,0,30,47_beta=0.00047416,5,0.00047415710416254877,2,3,"[4, 2, 1]"
dd087_00048,0.016683876514434814,-26.196935653686523,5.819636344909668,True,,,60,b6c79285681f4b9db2acb9c72f01ff91,2021-12-15_19-37-28,1639589848,356.4797375202179,234124,r13c24.bullx,10.140.2.218,356.4797375202179,0,60,48_beta=2.0439e-06,5,2.043862758102139e-06,2,3,"[4, 2, 1]"
dd087_00049,0.565049946308136,-8.78099228884821e-08,5.629955291748047,True,,,30,0dbdbd9e06124fed9950f8e1b471e9a6,2021-12-15_19-34-37,1639589677,175.180091381073,238521,r13c24.bullx,10.140.2.218,175.180091381073,0,30,49_beta=0.46276,5,0.462757184140054,2,3,"[4, 2, 1]"
dd087_00050,0.0210330318659544,-19.10212516784668,6.040615081787109,True,,,60,bcb923a00b4744fdabe49d01d27e49a9,2021-12-15_19-39-13,1639589953,357.6655824184418,24021,r13c24.bullx,10.140.2.218,357.6655824184418,0,60,50_beta=5.1857e-06,5,5.185749170531344e-06,2,3,"[4, 2, 1]"
dd087_00051,0.5650489926338196,-8.985028188135402e-08,5.704277515411377,True,,,30,351efe896b0b4c4eba5cbaf7a6cb4824,2021-12-15_19-37-28,1639589848,173.7666597366333,70601,r13c24.bullx,10.140.2.218,173.7666597366333,0,30,51_beta=0.14097,5,0.14096740774596134,2,3,"[4, 2, 1]"
dd087_00052,0.018372803926467896,-20.533946990966797,6.054792404174805,True,,,60,619248c1da4046179c6344f142b646b9,2021-12-15_19-40-36,1639590036,356.4002914428711,74618,r13c24.bullx,10.140.2.218,356.4002914428711,0,60,52_beta=4.5988e-06,5,4.598806282855401e-06,2,3,"[4, 2, 1]"
dd087_00053,0.5650502443313599,-8.773944415452206e-08,5.992017507553101,True,,,30,f1deced559ab43efb84542ac7fc429e2,2021-12-15_19-40-27,1639590027,176.0394036769867,174716,r13c24.bullx,10.140.2.218,176.0394036769867,0,30,53_beta=0.56447,5,0.5644658315597204,2,3,"[4, 2, 1]"
dd087_00054,0.5650749802589417,-9.727850880381084e-08,5.9695680141448975,True,,,30,4453cdee52414d45b617a9ce0c85aafb,2021-12-15_19-40-30,1639590030,178.72364401817322,175184,r13c24.bullx,10.140.2.218,178.72364401817322,0,30,54_beta=8.0031,5,8.00306993178982,2,3,"[4, 2, 1]"
dd087_00055,0.015611476264894009,-357.0855712890625,5.923902273178101,True,,,60,45cef27b341c4b2f92405e05a126ba9d,2021-12-15_19-45-14,1639590314,357.33721375465393,234563,r13c24.bullx,10.140.2.218,357.33721375465393,0,60,55_beta=1.9811e-08,5,1.981082232079194e-08,2,3,"[4, 2, 1]"
dd087_00056,0.5650542378425598,-9.181452043094396e-08,5.737156867980957,True,,,30,5af90830da9545228a18b7564bdfd916,2021-12-15_19-42-15,1639590135,176.96828722953796,236097,r13c24.bullx,10.140.2.218,176.96828722953796,0,30,56_beta=1.8313,5,1.831264459388561,2,3,"[4, 2, 1]"
dd087_00057,0.5650482773780823,-8.010273631953169e-06,5.871907949447632,True,,,30,292b0152c8c249799cbbfdf452ef82ee,2021-12-15_19-43-27,1639590207,176.71655559539795,8847,r13c24.bullx,10.140.2.218,176.71655559539795,0,30,57_beta=0.0024633,5,0.0024632892227618415,2,3,"[4, 2, 1]"
dd087_00058,0.015887077897787094,-172.65989685058594,5.801449298858643,True,,,60,482d26e9588540f0a8e7449a777c334b,2021-12-15_19-46-30,1639590390,355.841787815094,10387,r13c24.bullx,10.140.2.218,355.841787815094,0,60,58_beta=5.7452e-08,5,5.745217288333505e-08,2,3,"[4, 2, 1]"
dd087_00059,0.01522466167807579,-41.73293685913086,5.785203218460083,True,,,60,dc6483ff3a2043f09c184798a56bc729,2021-12-15_19-46-30,1639590390,350.30912232398987,13937,r13c24.bullx,10.140.2.218,350.30912232398987,0,60,59_beta=4.2834e-07,5,4.283430828998106e-07,2,3,"[4, 2, 1]"
dd087_00060,0.5650495290756226,-8.960083164311072e-08,6.029259204864502,True,,,30,0e5098ac61cd47cbad9f9d6f0a9b8840,2021-12-15_19-45-14,1639590314,175.85404062271118,72269,r13c24.bullx,10.140.2.218,175.85404062271118,0,30,60_beta=0.31659,5,0.3165949001373387,2,3,"[4, 2, 1]"
dd087_00061,0.015335376374423504,-416.4334716796875,5.8967390060424805,True,,,60,451dbc17d86f46509a91dff78b02c235,2021-12-15_19-48-15,1639590495,353.76432156562805,74040,r13c24.bullx,10.140.2.218,353.76432156562805,0,60,61_beta=1.4777e-08,5,1.477747943326229e-08,2,3,"[4, 2, 1]"
dd087_00062,0.5650548338890076,-9.175430903951565e-08,5.9247682094573975,True,,,30,86583ce3ecab4d5aabb77684c4122cd4,2021-12-15_19-46-26,1639590386,175.48239541053772,114198,r13c24.bullx,10.140.2.218,175.48239541053772,0,30,62_beta=2.0419,5,2.0419121321605953,2,3,"[4, 2, 1]"
dd087_00063,0.032460011541843414,-9.785117149353027,5.781595468521118,True,,,60,61c19033c4c7474dab2a6da2a295ee0b,2021-12-15_19-51-08,1639590668,351.2278573513031,176740,r13c24.bullx,10.140.2.218,351.2278573513031,0,60,63_beta=3.5661e-05,5,3.566132100115587e-05,2,3,"[4, 2, 1]"
dd087_00064,0.5650485157966614,-1.4861423096590443e-06,5.849404811859131,True,,,30,09c420ec48db474899b35fb455f69886,2021-12-15_19-48-13,1639590493,175.19519591331482,176743,r13c24.bullx,10.140.2.218,175.19519591331482,0,30,64_beta=0.0055418,5,0.005541755924987141,2,3,"[4, 2, 1]"
dd087_00065,0.010810411535203457,-282.5912780761719,5.94146990776062,True,,,240,f26d8e042fe44eac9e4afa6a7edc83fd,2021-12-15_20-09-46,1639591786,1407.4665307998657,212854,r13c24.bullx,10.140.2.218,1407.4665307998657,0,240,65_beta=4.3739e-09,5,4.373921124923802e-09,2,3,"[4, 2, 1]"
dd087_00066,0.01154306810349226,-908.2544555664062,5.78099513053894,True,,,120,951c28001490429b86d28aec3f04c744,2021-12-15_19-58-15,1639591095,705.9773523807526,219581,r13c24.bullx,10.140.2.218,705.9773523807526,0,120,66_beta=1.0683e-10,5,1.0683113225782799e-10,2,3,"[4, 2, 1]"
dd087_00067,0.07362211495637894,-6.897021770477295,5.67127251625061,True,,,30,223a9e3cd7f146b58686bbcdf62c5674,2021-12-15_19-49-31,1639590571,177.42854690551758,221721,r13c24.bullx,10.140.2.218,177.42854690551758,0,30,67_beta=0.00011798,5,0.00011798142890196332,2,3,"[4, 2, 1]"
dd087_00068,0.05817577615380287,-10.208622932434082,5.938774585723877,True,,,30,a4fd9ef5da1746148ff566b0b0d866c3,2021-12-15_19-49-30,1639590570,176.59561133384705,221785,r13c24.bullx,10.140.2.218,176.59561133384705,0,30,68_beta=5.227e-05,5,5.227034646714381e-05,2,3,"[4, 2, 1]"
dd087_00069,0.06584378331899643,-14.403736114501953,5.909151315689087,True,,,30,7cf833dd7c0e4388ab17c411d1f3ae00,2021-12-15_19-51-12,1639590672,175.8393840789795,12252,r13c24.bullx,10.140.2.218,175.8393840789795,0,30,69_beta=2.7049e-05,5,2.7048803981859636e-05,2,3,"[4, 2, 1]"
dd087_00070,0.03290750831365585,-9.707490921020508,6.420735836029053,True,,,60,633e77275034402480c21006d0e35ffe,2021-12-15_19-54-13,1639590853,354.35139513015747,13839,r13c24.bullx,10.140.2.218,354.35139513015747,0,60,70_beta=3.7405e-05,5,3.7404645739895044e-05,2,3,"[4, 2, 1]"
dd087_00071,0.015485988929867744,-402.2258605957031,5.9896745681762695,True,,,60,0864b285f53e415f8ffe426ab36eaebb,2021-12-15_19-54-13,1639590853,353.8057961463928,14503,r13c24.bullx,10.140.2.218,353.8057961463928,0,60,71_beta=1.5772e-08,5,1.5772277877331858e-08,2,3,"[4, 2, 1]"
dd087_00072,0.035345710813999176,-9.585619926452637,5.980095386505127,True,,,60,30b94b99a7d64087a30abd721154454a,2021-12-15_19-55-27,1639590927,353.24907517433167,57961,r13c24.bullx,10.140.2.218,353.24907517433167,0,60,72_beta=4.3541e-05,5,4.354122279268863e-05,2,3,"[4, 2, 1]"
dd087_00073,0.5650495886802673,-9.011090895683083e-08,5.776243448257446,True,,,30,20101a1368184ae698ecf30a863acb4e,2021-12-15_19-52-28,1639590748,174.39517307281494,58632,r13c24.bullx,10.140.2.218,174.39517307281494,0,30,73_beta=0.33375,5,0.3337482723025187,2,3,"[4, 2, 1]"
dd087_00074,0.017753297463059425,-21.300588607788086,5.827779769897461,True,,,60,5b684a6bba7348ab8aedeca27dc89c36,2021-12-15_19-57-02,1639591022,349.90452432632446,116416,r13c24.bullx,10.140.2.218,349.90452432632446,0,60,74_beta=4.0722e-06,5,4.07215771203738e-06,2,3,"[4, 2, 1]"
dd087_00075,0.565057098865509,-9.237844977860732e-08,6.036433458328247,True,,,30,75923bb705134c97b2066d7983999f86,2021-12-15_19-54-11,1639590851,175.21492719650269,118190,r13c24.bullx,10.140.2.218,175.21492719650269,0,30,75_beta=2.7323,5,2.7323195026905025,2,3,"[4, 2, 1]"
dd087_00076,0.5650555491447449,-9.244217835657764e-08,5.822849273681641,True,,,30,5eeaa7983b8c4d0da6c3dd49935176d7,2021-12-15_19-55-28,1639590928,176.1266405582428,163746,r13c24.bullx,10.140.2.218,176.1266405582428,0,30,76_beta=2.2241,5,2.2240531986253234,2,3,"[4, 2, 1]"
dd087_00077,0.011589905247092247,-33.84097671508789,6.002166509628296,True,,,120,f809ad8ccdea49df8727c88c0fe73462,2021-12-15_20-05-58,1639591558,703.7250423431396,223351,r13c24.bullx,10.140.2.218,703.7250423431396,0,120,77_beta=3.198e-07,5,3.197978114614726e-07,2,3,"[4, 2, 1]"
dd087_00078,0.09824121743440628,-4.3732404708862305,5.882978439331055,True,,,30,67947dbaefbc417cbba99e8e85151e46,2021-12-15_19-57-13,1639591033,177.6189591884613,225321,r13c24.bullx,10.140.2.218,177.6189591884613,0,30,78_beta=0.00020009,5,0.00020009018190259093,2,3,"[4, 2, 1]"
dd087_00079,0.5650549530982971,-9.234909015276571e-08,5.882912874221802,True,,,30,11af5b544b63439e8fbf4b17d846c2ca,2021-12-15_19-57-12,1639591032,176.0353238582611,225324,r13c24.bullx,10.140.2.218,176.0353238582611,0,30,79_beta=2.0249,5,2.0249343300780778,2,3,"[4, 2, 1]"
dd087_00080,0.5650518536567688,-9.049346516576406e-08,5.803077459335327,True,,,30,ac71289183674131bd3c750cd63a5686,2021-12-15_19-58-27,1639591107,176.24948024749756,268590,r13c24.bullx,10.140.2.218,176.24948024749756,0,30,80_beta=1.086,5,1.0859831077765296,2,3,"[4, 2, 1]"
dd087_00081,0.015442082658410072,-412.70635986328125,5.863893985748291,True,,,60,557b255469d047bf98abb77df21e35e5,2021-12-15_20-01-28,1639591288,356.4765577316284,269264,r13c24.bullx,10.140.2.218,356.4765577316284,0,60,81_beta=1.493e-08,5,1.492975615864664e-08,2,3,"[4, 2, 1]"
dd087_00082,0.5650498270988464,-9.006892298657476e-08,5.567111492156982,True,,,30,a3c106729b104f35a7b4eeb06de2391d,2021-12-15_20-00-01,1639591201,176.097229719162,54573,r13c24.bullx,10.140.2.218,176.097229719162,0,30,82_beta=0.39485,5,0.39484701605522415,2,3,"[4, 2, 1]"
dd087_00083,0.5650486350059509,-1.1858450221780004e-07,5.255279302597046,True,,,30,99179da3180e4454bcfd548c46573aa2,2021-12-15_20-00-10,1639591210,175.18280220031738,60872,r13c24.bullx,10.140.2.218,175.18280220031738,0,30,83_beta=0.037121,5,0.0371213418213693,2,3,"[4, 2, 1]"
dd087_00084,0.010531469248235226,-124.03362274169922,5.850723505020142,True,,,350,e589f6e342af4c4ab7bed30a49cb327b,2021-12-15_20-31-35,1639593095,2058.3735682964325,61332,r13c24.bullx,10.140.2.218,2058.3735682964325,0,350,84_beta=8.9554e-09,5,8.955381311051977e-09,2,3,"[4, 2, 1]"
dd087_00085,0.02314610406756401,-18.077070236206055,5.82233452796936,True,,,60,f9eddce243df46aaaaa0e8022c9b6a72,2021-12-15_20-04-12,1639591452,353.2023627758026,97834,r13c24.bullx,10.140.2.218,353.2023627758026,0,60,85_beta=7.5429e-06,5,7.542872119736744e-06,2,3,"[4, 2, 1]"
dd087_00086,0.5650485754013062,-6.026568257766485e-07,5.72133469581604,True,,,30,35d2386f3e0f4e5ba58be4f4cbffb5e4,2021-12-15_20-01-26,1639591286,175.85774040222168,103937,r13c24.bullx,10.140.2.218,175.85774040222168,0,30,86_beta=0.0091512,5,0.00915118057387797,2,3,"[4, 2, 1]"
dd087_00087,0.01080242358148098,-530.9841918945312,6.0777528285980225,True,,,240,1a350552435c405ea9835009b36ea6c2,2021-12-15_20-23-40,1639592620,1416.183845281601,160190,r13c24.bullx,10.140.2.218,1416.183845281601,0,240,87_beta=1.1671e-09,5,1.1671161141521485e-09,2,3,"[4, 2, 1]"
dd087_00088,0.5650483965873718,-3.4219426652271068e-06,5.713590860366821,True,,,30,0599e728274f4b6e886e7e09cb5cdbbc,2021-12-15_20-03-08,1639591388,174.45051455497742,164810,r13c24.bullx,10.140.2.218,174.45051455497742,0,30,88_beta=0.0036788,5,0.0036787890624709984,2,3,"[4, 2, 1]"
dd087_00089,0.5650560855865479,-9.206177509213376e-08,5.76835298538208,True,,,30,2cc2dd2a39cf45f2b2026dad45eecc31,2021-12-15_20-04-25,1639591465,175.63291335105896,209501,r13c24.bullx,10.140.2.218,175.63291335105896,0,30,89_beta=2.4035,5,2.4034834418468405,2,3,"[4, 2, 1]"
dd087_00090,0.5650491118431091,-8.682395957748668e-08,5.912861108779907,True,,,30,d571ebed151b4ebaa759d43d8f00106b,2021-12-15_20-04-26,1639591466,174.84694290161133,210821,r13c24.bullx,10.140.2.218,174.84694290161133,0,30,90_beta=0.16355,5,0.16355115935720663,2,3,"[4, 2, 1]"
dd087_00091,0.5650485754013062,-1.6938062685767363e-07,5.933291673660278,True,,,30,472689c7c4084b19a667511594fa04f7,2021-12-15_20-06-07,1639591567,175.8378782272339,443,r13c24.bullx,10.140.2.218,175.8378782272339,0,30,91_beta=0.023285,5,0.023284623525222887,2,3,"[4, 2, 1]"
dd087_00092,0.10074362903833389,-4.158169269561768,6.0184431076049805,True,,,30,925b03f6aaf64ee2a3a948b0067c49cf,2021-12-15_20-07-11,1639591631,175.5907804965973,38297,r13c24.bullx,10.140.2.218,175.5907804965973,0,30,92_beta=0.00021825,5,0.00021825339712961574,2,3,"[4, 2, 1]"
dd087_00093,0.010560399852693081,-483.94891357421875,5.9479451179504395,True,,,350,f0795a37e1514975b93080225d48eab6,2021-12-15_20-39-08,1639593548,2079.620109796524,45889,r13c24.bullx,10.140.2.218,2079.620109796524,0,350,93_beta=8.7069e-10,5,8.70693502616346e-10,2,3,"[4, 2, 1]"
dd087_00094,0.010813971050083637,-236.01394653320312,5.988563299179077,True,,,240,53150d6087e54c14aa1480435d27e2b9,2021-12-15_20-27-56,1639592876,1406.250694513321,46348,r13c24.bullx,10.140.2.218,1406.250694513321,0,240,94_beta=5.8145e-09,5,5.814474026067153e-09,2,3,"[4, 2, 1]"
dd087_00095,0.5650485754013062,-1.3348260097245657e-07,5.784330368041992,True,,,30,2f1d24d0005340e98168975d2733d9cf,2021-12-15_20-08-58,1639591738,176.60679602622986,101009,r13c24.bullx,10.140.2.218,176.60679602622986,0,30,95_beta=0.030689,5,0.030688976197862,2,3,"[4, 2, 1]"
dd087_00096,0.010805700905621052,-478.55181884765625,5.920841455459595,True,,,240,aace50fba3464cb89262cd3d173bc84c,2021-12-15_20-29-36,1639592976,1405.5175573825836,105804,r13c24.bullx,10.140.2.218,1405.5175573825836,0,240,96_beta=1.545e-09,5,1.5449567407621261e-09,2,3,"[4, 2, 1]"
dd087_00097,0.011543378233909607,-899.2346801757812,5.748880624771118,True,,,120,36650a9f9b344cb3854d7fdb5d2bada8,2021-12-15_20-19-03,1639592343,708.1641829013824,143504,r13c24.bullx,10.140.2.218,708.1641829013824,0,120,97_beta=1.3353e-10,5,1.3353095020885816e-10,2,3,"[4, 2, 1]"
dd087_00098,0.01579461805522442,-170.21371459960938,5.747141122817993,True,,,60,6d5e846cbc074e2a8ba59abd4945f040,2021-12-15_20-14-55,1639592095,353.80659317970276,205895,r13c24.bullx,10.140.2.218,353.80659317970276,0,60,98_beta=5.9047e-08,5,5.904675877191111e-08,2,3,"[4, 2, 1]"
dd087_00099,0.5650492906570435,-8.895526093510853e-08,6.0246806144714355,True,,,30,e42fb114138c46ef98d7ff4d13ed6bba,2021-12-15_20-12-44,1639591964,174.6236982345581,234678,r13c24.bullx,10.140.2.218,174.6236982345581,0,30,99_beta=0.24393,5,0.2439294877982778,2,3,"[4, 2, 1]"
dd087_00100,0.01961434632539749,-18.254840850830078,5.8780457973480225,True,,,60,f6dcd982de514c5a9801a33bd005585d,2021-12-15_20-18-40,1639592320,352.76357555389404,69423,r13c24.bullx,10.140.2.218,352.76357555389404,0,60,100_beta=6.8211e-06,5,6.8211344641170696e-06,2,3,"[4, 2, 1]"
dd087_00101,0.015643354505300522,-328.1200866699219,5.641127109527588,True,,,60,6b0b7e4a826c47269985c34824d8c892,2021-12-15_20-20-48,1639592448,349.5201950073242,145997,r13c24.bullx,10.140.2.218,349.5201950073242,0,60,101_beta=2.3018e-08,5,2.3017958223693852e-08,2,3,"[4, 2, 1]"
dd087_00102,0.010557855479419231,-575.6240234375,5.904675722122192,True,,,350,14855bb40405479a96671cb506bd52c0,2021-12-15_20-53-11,1639594391,2066.971031188965,9511,r13c24.bullx,10.140.2.218,2066.971031188965,0,350,102_beta=5.0482e-10,5,5.048237397926869e-10,2,3,"[4, 2, 1]"
dd087_00103,0.5650485157966614,-1.6088776533251803e-07,5.661452770233154,True,,,30,2f538e0d74a348b787b4fb210d3701c9,2021-12-15_20-21-59,1639592519,173.0849163532257,22373,r13c24.bullx,10.140.2.218,173.0849163532257,0,30,103_beta=0.024545,5,0.024544662004173257,2,3,"[4, 2, 1]"
dd087_00104,0.03379852697253227,-9.989373207092285,5.9624714851379395,True,,,60,d1ac9ea40741476399ebf8748837a8bb,2021-12-15_20-26-41,1639592801,349.5431785583496,84178,r13c24.bullx,10.140.2.218,349.5431785583496,0,60,104_beta=4.0066e-05,5,4.00662728047427e-05,2,3,"[4, 2, 1]"
dd087_00105,0.010556680150330067,-35.41350173950195,5.73914361000061,True,,,350,599d7c3b275e47c7b7a032034ee4a68e,2021-12-15_20-56-27,1639594587,2063.8401947021484,126158,r13c24.bullx,10.140.2.218,2063.8401947021484,0,350,105_beta=9.9331e-08,5,9.933067792778811e-08,2,3,"[4, 2, 1]"
dd087_00106,0.5650526285171509,-8.99467806902976e-08,5.944308042526245,True,,,30,52ee77529ab64a93b35ff85be49133ed,2021-12-15_20-26-40,1639592800,175.81967759132385,186019,r13c24.bullx,10.140.2.218,175.81967759132385,0,30,106_beta=1.3276,5,1.3276138058210916,2,3,"[4, 2, 1]"
dd087_00107,0.010560320690274239,-565.9454345703125,5.954433917999268,True,,,350,65c97d0961b14938a751514abfbf813e,2021-12-15_21-00-54,1639594854,2051.2921283245087,21545,r13c24.bullx,10.140.2.218,2051.2921283245087,0,350,107_beta=5.403e-10,5,5.403011778826123e-10,2,3,"[4, 2, 1]"
dd087_00108,0.06478996574878693,-17.69957733154297,5.667098522186279,True,,,30,a68bc76cb3f94c388af60378892c90f9,2021-12-15_20-29-39,1639592979,174.3823959827423,22492,r13c24.bullx,10.140.2.218,174.3823959827423,0,30,108_beta=1.8836e-05,5,1.8835909096613884e-05,2,3,"[4, 2, 1]"
dd087_00109,0.011544669978320599,-495.6143798828125,5.71993088722229,True,,,120,8bd5c924c33240fd9bbe4e66bb37b6fd,2021-12-15_20-39-42,1639593582,703.2265024185181,66332,r13c24.bullx,10.140.2.218,703.2265024185181,0,120,109_beta=3.8807e-09,5,3.88067864491895e-09,2,3,"[4, 2, 1]"
dd087_00110,0.5650490522384644,-8.641514170903974e-08,5.886715888977051,True,,,30,eb4360ede7914f4a8a116f4dcdab706b,2021-12-15_20-32-35,1639593155,175.22490215301514,125483,r13c24.bullx,10.140.2.218,175.22490215301514,0,30,110_beta=0.16635,5,0.1663485102455802,2,3,"[4, 2, 1]"
dd087_00111,0.5650514364242554,-8.916731530916877e-08,5.970477104187012,True,,,30,7dadaef9ac4f4f3bad4d5868b5d58325,2021-12-15_20-32-39,1639593159,176.50451755523682,126823,r13c24.bullx,10.140.2.218,176.50451755523682,0,30,111_beta=1.0003,5,1.000326906136534,2,3,"[4, 2, 1]"
dd087_00112,0.5650485157966614,-1.3758643717665109e-06,5.810556888580322,True,,,30,25e2640c76444dc1a1248b32e6806bf7,2021-12-15_20-34-33,1639593273,174.49098134040833,195288,r13c24.bullx,10.140.2.218,174.49098134040833,0,30,112_beta=0.0057744,5,0.005774387397146288,2,3,"[4, 2, 1]"
dd087_00113,0.015431513078510761,-87.02359008789062,6.041015863418579,True,,,60,db1d0ee985404e3b8810eca63b8c7453,2021-12-15_20-38-29,1639593509,350.036785364151,231339,r13c24.bullx,10.140.2.218,350.036785364151,0,60,113_beta=1.4267e-07,5,1.426710110384306e-07,2,3,"[4, 2, 1]"
dd087_00114,0.5650491714477539,-8.926076588977594e-08,5.943342924118042,True,,,30,5db2c26774314df6bddfc455ff5c1a42,2021-12-15_20-35-39,1639593339,176.72877168655396,232786,r13c24.bullx,10.140.2.218,176.72877168655396,0,30,114_beta=0.18337,5,0.18336546242890325,2,3,"[4, 2, 1]"
dd087_00115,0.5650485754013062,-1.2169341800927214e-07,5.7164342403411865,True,,,30,ac108812633d47449eef03ce9ebe509a,2021-12-15_20-37-34,1639593454,177.2735903263092,30336,r13c24.bullx,10.140.2.218,177.2735903263092,0,30,115_beta=0.035407,5,0.035407265911925064,2,3,"[4, 2, 1]"
dd087_00116,0.5650507807731628,-8.898237524590513e-08,5.855983257293701,True,,,30,7bba3b0326594c579f0b8247cadc0689,2021-12-15_20-38-38,1639593518,175.73094272613525,69695,r13c24.bullx,10.140.2.218,175.73094272613525,0,30,116_beta=0.75515,5,0.7551495566886598,2,3,"[4, 2, 1]"
dd087_00117,0.010806799866259098,-488.52081298828125,5.888615846633911,True,,,240,ef91337aeeb449eb8322760bbd0678d7,2021-12-15_21-01-28,1639594888,1431.1084072589874,137169,r13c24.bullx,10.140.2.218,1431.1084072589874,0,240,117_beta=1.4672e-09,5,1.4672218163155908e-09,2,3,"[4, 2, 1]"
dd087_00118,0.09688122570514679,-4.455393314361572,5.631783485412598,True,,,30,a1be439349e446ed9b9e6299997db461,2021-12-15_20-41-28,1639593688,175.69044613838196,169175,r13c24.bullx,10.140.2.218,175.69044613838196,0,30,118_beta=0.0001907,5,0.00019070324571471438,2,3,"[4, 2, 1]"
dd087_00119,0.024306559935212135,-15.69209098815918,5.451085567474365,True,,,60,0501958ea1444f29b1672d42e0dc4207,2021-12-15_20-44-34,1639593874,352.2643151283264,174173,r13c24.bullx,10.140.2.218,352.2643151283264,0,60,119_beta=1.4575e-05,5,1.4575130896921349e-05,2,3,"[4, 2, 1]"
dd087_00120,0.02261626161634922,-18.48748779296875,5.730437994003296,True,,,60,12a59786eeed4801a3581a5db9669c19,2021-12-15_20-45-01,1639593901,349.6475496292114,192330,r13c24.bullx,10.140.2.218,349.6475496292114,0,60,120_beta=6.9182e-06,5,6.918233701466997e-06,2,3,"[4, 2, 1]"
dd087_00121,0.13141684234142303,-3.690802812576294,5.786561727523804,True,,,30,794fd86d105949f5a61a102c25e0fda3,2021-12-15_20-42-39,1639593759,173.6207127571106,211972,r13c24.bullx,10.140.2.218,173.6207127571106,0,30,121_beta=0.00038309,5,0.00038309032946363947,2,3,"[4, 2, 1]"
dd087_00122,0.5650484561920166,-3.456360104792111e-07,5.940268278121948,True,,,30,99851b571a6e497882fd93cc9d2677fe,2021-12-15_20-44-26,1639593866,174.8356807231903,4366,r13c24.bullx,10.140.2.218,174.8356807231903,0,30,122_beta=0.013062,5,0.013061505532787293,2,3,"[4, 2, 1]"
dd087_00123,0.023112649098038673,-18.10582733154297,6.009298086166382,True,,,60,4abe5ad1b85746948687a6421233d42c,2021-12-15_20-48-38,1639594118,354.70740365982056,46542,r13c24.bullx,10.140.2.218,354.70740365982056,0,60,123_beta=7.4874e-06,5,7.4874063357881585e-06,2,3,"[4, 2, 1]"
dd087_00124,0.010805340483784676,-367.8218078613281,5.576485872268677,True,,,240,be898a0bb94a49f49a0e7194982e9556,2021-12-15_21-07-56,1639595276,1406.6224541664124,109298,r13c24.bullx,10.140.2.218,1406.6224541664124,0,240,124_beta=2.7121e-09,5,2.712138020047828e-09,2,3,"[4, 2, 1]"
dd087_00125,0.024048984050750732,-15.790553092956543,5.8209521770477295,True,,,60,e699955b72db4bba97f47dd5accc5c64,2021-12-15_20-50-28,1639594228,351.1279892921448,113498,r13c24.bullx,10.140.2.218,351.1279892921448,0,60,125_beta=1.417e-05,5,1.4170050301893945e-05,2,3,"[4, 2, 1]"
dd087_00126,0.5650498270988464,-8.76068781963113e-08,5.636305809020996,True,,,30,e0b55e6a0ce2464b8ae2d81908897d75,2021-12-15_20-48-00,1639594080,176.12763357162476,130557,r13c24.bullx,10.140.2.218,176.12763357162476,0,30,126_beta=0.44174,5,0.44173838825232814,2,3,"[4, 2, 1]"
dd087_00127,0.5650489926338196,-9.001714573741992e-08,5.86768913269043,True,,,30,02fd42633af34addb91d2fe96e669207,2021-12-15_20-50-58,1639594258,173.7043035030365,234570,r13c24.bullx,10.140.2.218,173.7043035030365,0,30,127_beta=0.13938,5,0.13937791762417542,2,3,"[4, 2, 1]"
dd087_00128,0.010554385371506214,-35.0969352722168,5.9930198192596436,True,,,350,dc8e735ae4c94a6198988d5d86caca84,2021-12-15_21-23-11,1639596191,2070.2448132038116,256731,r13c24.bullx,10.140.2.218,2070.2448132038116,0,350,128_beta=1.0262e-07,5,1.0262134198474398e-07,2,3,"[4, 2, 1]"
dd087_00129,0.565048336982727,-1.4843501048744656e-05,5.731163740158081,True,,,30,8b1e79ba5eb64c1b93c04d6e83c66bf1,2021-12-15_20-53-27,1639594407,175.60126447677612,51855,r13c24.bullx,10.140.2.218,175.60126447677612,0,30,129_beta=0.0017197,5,0.001719714359143956,2,3,"[4, 2, 1]"
dd087_00130,0.03255002945661545,-9.742840766906738,5.933907747268677,True,,,60,367bff19ad334b1cb855fe1556217170,2021-12-15_20-56-50,1639594610,349.1477723121643,69761,r13c24.bullx,10.140.2.218,349.1477723121643,0,60,130_beta=3.6076e-05,5,3.607552420789381e-05,2,3,"[4, 2, 1]"
dd087_00131,0.010565833188593388,-34.215328216552734,6.015946388244629,True,,,350,e7369adf25684ba98f12a65146d7774d,2021-12-15_21-27-37,1639596457,2062.4436752796173,147963,r13c24.bullx,10.140.2.218,2062.4436752796173,0,350,131_beta=1.1105e-07,5,1.1104574143541438e-07,2,3,"[4, 2, 1]"
dd087_00132,0.5650482773780823,-8.900129614630714e-06,5.8432700634002686,True,,,30,a48b51f7bd654c5bb8ec5e1667794473,2021-12-15_20-56-25,1639594585,174.3881757259369,157703,r13c24.bullx,10.140.2.218,174.3881757259369,0,30,132_beta=0.0023484,5,0.0023484164317531422,2,3,"[4, 2, 1]"
dd087_00133,0.56504887342453,-8.789608330062038e-08,5.832737684249878,True,,,30,5ea5302b29f3429dbaf048e2d96d7a3c,2021-12-15_20-59-25,1639594765,176.01171565055847,262127,r13c24.bullx,10.140.2.218,176.01171565055847,0,30,133_beta=0.1162,5,0.11620260690320375,2,3,"[4, 2, 1]"
dd087_00134,0.565048336982727,-5.370294275053311e-06,5.869358062744141,True,,,30,e5979118d15e4702ab57e12fdb77a0f6,2021-12-15_20-59-27,1639594767,176.42592692375183,263461,r13c24.bullx,10.140.2.218,176.42592692375183,0,30,134_beta=0.0029816,5,0.002981639154492444,2,3,"[4, 2, 1]"
dd087_00135,0.5650497078895569,-8.779581150974991e-08,5.900489568710327,True,,,30,772504d6dd83489d9e6766d070ca95a3,2021-12-15_20-59-50,1639594790,176.35256671905518,7323,r13c24.bullx,10.140.2.218,176.35256671905518,0,30,135_beta=0.41649,5,0.41649127292228866,2,3,"[4, 2, 1]"
dd087_00136,0.23996618390083313,-2.0455052852630615,5.528966426849365,True,,,30,14fcbd7c458f4b6f965d951de83aa2ca,2021-12-15_21-02-26,1639594946,177.45350432395935,97412,r13c24.bullx,10.140.2.218,177.45350432395935,0,30,136_beta=0.00049335,5,0.0004933473451479709,2,3,"[4, 2, 1]"
dd087_00137,0.5650571584701538,-9.22319998153398e-08,5.959436416625977,True,,,30,df304cb490434316a9e5c90313851697,2021-12-15_21-02-27,1639594947,176.09988689422607,99379,r13c24.bullx,10.140.2.218,176.09988689422607,0,30,137_beta=2.7487,5,2.7487413553968083,2,3,"[4, 2, 1]"
dd087_00138,0.5650489926338196,-9.153480817758464e-08,5.94657564163208,True,,,30,d7e852c5fa5b4f549f9c97a8dfbe2932,2021-12-15_21-02-50,1639594970,176.71798300743103,112615,r13c24.bullx,10.140.2.218,176.71798300743103,0,30,138_beta=0.13976,5,0.13975989326972388,2,3,"[4, 2, 1]"
dd087_00139,0.565048336982727,-1.3629442037199624e-05,5.696716785430908,True,,,30,2bce50499e4f44c091d3430bc02c890f,2021-12-15_21-03-54,1639595034,176.24235343933105,151022,r13c24.bullx,10.140.2.218,176.24235343933105,0,30,139_beta=0.0018329,5,0.0018328806843385438,2,3,"[4, 2, 1]"
dd087_00140,0.010803040117025375,-621.3588256835938,6.010231256484985,True,,,240,3cd37c86c06f4b5cbbca6a3626077227,2021-12-15_21-24-49,1639596289,1397.1548533439636,171125,r13c24.bullx,10.140.2.218,1397.1548533439636,0,240,140_beta=6.9974e-10,5,6.997422692092131e-10,2,3,"[4, 2, 1]"
dd087_00141,0.5650482773780823,-7.086468485795194e-06,5.791043281555176,True,,,30,e366fea0a2c344fc9d773d5c99686abb,2021-12-15_21-05-26,1639595126,176.3292715549469,203935,r13c24.bullx,10.140.2.218,176.3292715549469,0,30,141_beta=0.0026024,5,0.002602360719869407,2,3,"[4, 2, 1]"
dd087_00142,0.56504887342453,-8.625736882095225e-06,5.967015743255615,True,,,30,6f45e896e7c04cd18f85f5f07ea2f3a0,2021-12-15_21-05-26,1639595126,175.97426176071167,205264,r13c24.bullx,10.140.2.218,175.97426176071167,0,30,142_beta=0.0012017,5,0.001201734850949935,2,3,"[4, 2, 1]"
dd087_00143,0.011550333350896835,-903.095703125,5.598857164382935,True,,,120,415ca92d15ed47f69a6b793b86988d20,2021-12-15_21-14-42,1639595682,709.2355027198792,218273,r13c24.bullx,10.140.2.218,709.2355027198792,0,120,143_beta=1.2978e-10,5,1.2977512568179557e-10,2,3,"[4, 2, 1]"
dd087_00144,0.5650486350059509,-1.1418818246511364e-07,5.7319488525390625,True,,,30,a2505b9a4ee94265877f2eab8e764d9b,2021-12-15_21-06-51,1639595211,174.38763785362244,256051,r13c24.bullx,10.140.2.218,174.38763785362244,0,30,144_beta=0.039739,5,0.039738746080268506,2,3,"[4, 2, 1]"
dd087_00145,0.07845398783683777,-6.409514427185059,5.728742599487305,True,,,30,76333de336024ccfaa283fcbe9eade3c,2021-12-15_21-08-25,1639595305,175.93234038352966,40528,r13c24.bullx,10.140.2.218,175.93234038352966,0,30,145_beta=0.00013025,5,0.00013025163296077864,2,3,"[4, 2, 1]"
dd087_00146,0.010559234768152237,-623.6864013671875,5.829564332962036,True,,,350,222a8a06fe584e6d915f7b304e9847c1,2021-12-15_21-40-17,1639597217,2088.2160193920135,40532,r13c24.bullx,10.140.2.218,2088.2160193920135,0,350,146_beta=3.7566e-10,5,3.7565670445720023e-10,2,3,"[4, 2, 1]"
dd087_00147,0.015432312153279781,-29.21070098876953,5.887843132019043,True,,,60,e8f45d410b0d44e5889e7880722bc6d5,2021-12-15_21-12-46,1639595566,351.26282501220703,90067,r13c24.bullx,10.140.2.218,351.26282501220703,0,60,147_beta=1.1792e-06,5,1.1791746356399131e-06,2,3,"[4, 2, 1]"
dd087_00148,0.01737312227487564,-22.503957748413086,5.911470651626587,True,,,60,066f404e6cad4f1d83a40b6781e79708,2021-12-15_21-13-51,1639595631,351.53041887283325,129297,r13c24.bullx,10.140.2.218,351.53041887283325,0,60,148_beta=3.4159e-06,5,3.4158554425892534e-06,2,3,"[4, 2, 1]"
dd087_00149,0.015303675085306168,-40.19369888305664,5.918561697006226,True,,,60,92ad4ca9aeb84fd6a69a194a3e74737b,2021-12-15_21-14-25,1639595665,356.23290061950684,146218,r13c24.bullx,10.140.2.218,356.23290061950684,0,60,149_beta=4.686e-07,5,4.68597171856378e-07,2,3,"[4, 2, 1]"
dd087_00150,0.11145887523889542,-3.440847873687744,6.202841281890869,True,,,30,22269f4d37314ef7953ad3ecf580e4f9,2021-12-15_21-15-47,1639595747,177.6293044090271,29671,r13c24.bullx,10.140.2.218,177.6293044090271,0,30,150_beta=0.00031735,5,0.0003173459902773589,2,3,"[4, 2, 1]"
dd087_00151,0.028854403644800186,-13.767498970031738,5.760893821716309,True,,,60,4d0ea89b099440f8860e047909cc24ef,2021-12-15_21-19-49,1639595989,355.2634599208832,67936,r13c24.bullx,10.140.2.218,355.2634599208832,0,60,151_beta=2.496e-05,5,2.4960017924930445e-05,2,3,"[4, 2, 1]"
dd087_00152,0.5650485157966614,-2.499215838724922e-07,6.001528024673462,True,,,30,ec44134f24854123a33cf21830595014,2021-12-15_21-17-25,1639595845,176.96896195411682,87609,r13c24.bullx,10.140.2.218,176.96896195411682,0,30,152_beta=0.0166,5,0.016599765983461287,2,3,"[4, 2, 1]"
dd087_00153,0.015269478783011436,-38.58168029785156,5.955931901931763,True,,,60,ecf517ff9f964370b8adaad9ab69a6e9,2021-12-15_21-20-40,1639596040,354.3774588108063,97795,r13c24.bullx,10.140.2.218,354.3774588108063,0,60,153_beta=5.1641e-07,5,5.164062414374898e-07,2,3,"[4, 2, 1]"
dd087_00154,0.020116424188017845,-18.704700469970703,5.729599952697754,True,,,60,792b43ebd5244638820fb7324a8abec7,2021-12-15_21-21-44,1639596104,352.74105525016785,136136,r13c24.bullx,10.140.2.218,352.74105525016785,0,60,154_beta=6.4829e-06,5,6.482937625084488e-06,2,3,"[4, 2, 1]"
dd087_00155,0.5650504231452942,-8.857885092083961e-08,5.728238582611084,True,,,30,a361768508164630acb67ba05f98e1b2,2021-12-15_21-20-24,1639596024,175.4989550113678,193378,r13c24.bullx,10.140.2.218,175.4989550113678,0,30,155_beta=0.60741,5,0.6074094757343891,2,3,"[4, 2, 1]"
dd087_00156,0.010572362691164017,-32.81363296508789,5.891605377197266,True,,,350,247f6af25577474ea027db32c26fcd10,2021-12-15_21-54-19,1639598059,2065.599048614502,7358,r13c24.bullx,10.140.2.218,2065.599048614502,0,350,156_beta=1.2845e-07,5,1.2844564236287281e-07,2,3,"[4, 2, 1]"
dd087_00157,0.011727322824299335,-30.338838577270508,5.952868461608887,True,,,120,8421af1a5be9445ea32c9ac6cc73e273,2021-12-15_21-32-08,1639596728,701.5246567726135,27925,r13c24.bullx,10.140.2.218,701.5246567726135,0,120,157_beta=4.9396e-07,5,4.939564971001171e-07,2,3,"[4, 2, 1]"
dd087_00158,0.011540667153894901,-738.1244506835938,5.958331346511841,True,,,120,eab30012c10a43d8b814316aaa4a094e,2021-12-15_21-32-28,1639596748,704.9615931510925,37464,r13c24.bullx,10.140.2.218,704.9615931510925,0,120,158_beta=1.0326e-09,5,1.0326281870797472e-09,2,3,"[4, 2, 1]"
dd087_00159,0.5650680661201477,-9.706302961376423e-08,5.655513525009155,True,,,30,20af0180ddde4d8d83dc5f9598857172,2021-12-15_21-24-43,1639596283,176.18774676322937,74853,r13c24.bullx,10.140.2.218,176.18774676322937,0,30,159_beta=5.8932,5,5.893198102080194,2,3,"[4, 2, 1]"
dd087_00160,0.011545062065124512,-778.0458374023438,5.996550559997559,True,,,120,805c7335faa643f7a71d1344218e09c0,2021-12-15_21-35-00,1639596900,705.3293697834015,126781,r13c24.bullx,10.140.2.218,705.3293697834015,0,120,160_beta=7.4192e-10,5,7.419232617835719e-10,2,3,"[4, 2, 1]"
dd087_00161,0.01660902425646782,-26.530529022216797,5.694240093231201,True,,,60,f56aec39087444f0a944535ef961d54b,2021-12-15_21-30-36,1639596636,349.51607871055603,180136,r13c24.bullx,10.140.2.218,349.51607871055603,0,60,161_beta=1.901e-06,5,1.9010336303707083e-06,2,3,"[4, 2, 1]"
dd087_00162,0.011543003842234612,-519.1193237304688,5.711048603057861,True,,,120,3708e251510c4bc0a393ea83d822309f,2021-12-15_21-36-46,1639597006,713.8778495788574,183197,r13c24.bullx,10.140.2.218,713.8778495788574,0,120,162_beta=3.4924e-09,5,3.4923953205676687e-09,2,3,"[4, 2, 1]"
dd087_00163,0.016133569180965424,-197.99671936035156,5.943674802780151,True,,,60,78d1b8f789464b94b878383ab3373551,2021-12-15_21-33-32,1639596812,351.5369164943695,12062,r13c24.bullx,10.140.2.218,351.5369164943695,0,60,163_beta=4.7628e-08,5,4.762796560679634e-08,2,3,"[4, 2, 1]"
dd087_00164,0.015564233995974064,-135.45626831054688,5.865112543106079,True,,,60,8ede5f6e492541e9b40b17af820c0c31,2021-12-15_21-36-33,1639596993,353.99099922180176,117390,r13c24.bullx,10.140.2.218,353.99099922180176,0,60,164_beta=7.9329e-08,5,7.932891917421001e-08,2,3,"[4, 2, 1]"
dd087_00165,0.01536047738045454,-31.42561912536621,5.926968097686768,True,,,60,677b2ca4f72248b8a0c976030766d5bf,2021-12-15_21-38-07,1639597087,355.67432951927185,171582,r13c24.bullx,10.140.2.218,355.67432951927185,0,60,165_beta=9.3212e-07,5,9.321187667594614e-07,2,3,"[4, 2, 1]"
dd087_00166,0.5650508403778076,-8.866159362241888e-08,6.113902568817139,True,,,30,614e7f225e804e1bb2e920fc291b0da5,2021-12-15_21-35-28,1639596928,176.78890419006348,183266,r13c24.bullx,10.140.2.218,176.78890419006348,0,30,166_beta=0.78255,5,0.7825486409760903,2,3,"[4, 2, 1]"
dd087_00167,0.01575925573706627,-26.305646896362305,5.816245794296265,True,,,60,e0d86b1edabd438b975a16ec05632786,2021-12-15_21-39-29,1639597169,353.6877956390381,221075,r13c24.bullx,10.140.2.218,353.6877956390381,0,60,167_beta=1.6529e-06,5,1.6529118028242648e-06,2,3,"[4, 2, 1]"
dd087_00168,0.015496238134801388,-30.034250259399414,5.9285361766815186,True,,,60,7ab354d8883446619f4479f3a851243b,2021-12-15_21-40-58,1639597258,354.9031927585602,2784,r13c24.bullx,10.140.2.218,354.9031927585602,0,60,168_beta=1.0809e-06,5,1.080889059717487e-06,2,3,"[4, 2, 1]"
dd087_00169,0.01055547408759594,-716.0409545898438,5.4179463386535645,True,,,350,c3ddd51115924b78abe5216e1268a17f,2021-12-15_22-10-13,1639599013,2081.9788386821747,19617,r13c24.bullx,10.140.2.218,2081.9788386821747,0,350,169_beta=1.5721e-10,5,1.5721265976145068e-10,2,3,"[4, 2, 1]"
dd087_00170,0.011549880728125572,-826.3411865234375,5.783391237258911,True,,,120,6639e505ed514f0e8b7260acbb0018ab,2021-12-15_21-48-24,1639597704,707.4838185310364,57421,r13c24.bullx,10.140.2.218,707.4838185310364,0,120,170_beta=4.5897e-10,5,4.58968636842288e-10,2,3,"[4, 2, 1]"
dd087_00171,0.015446217730641365,-414.7808532714844,5.812157869338989,True,,,60,70ec9b0692c84831a1ec863e3f943ff3,2021-12-15_21-42-42,1639597362,352.9863865375519,64605,r13c24.bullx,10.140.2.218,352.9863865375519,0,60,171_beta=1.4776e-08,5,1.4775606602269907e-08,2,3,"[4, 2, 1]"
dd087_00172,0.011835412122309208,-29.12397003173828,5.861314296722412,True,,,120,7725666c729544aaa77ec9ed8b12b523,2021-12-15_21-49-58,1639597798,707.6472828388214,112560,r13c24.bullx,10.140.2.218,707.6472828388214,0,120,172_beta=5.8064e-07,5,5.806388269542947e-07,2,3,"[4, 2, 1]"
dd087_00173,0.011540989391505718,-877.601318359375,5.806304931640625,True,,,120,2b21d5ae2f364913b20798eb89d257e4,2021-12-15_21-51-21,1639597881,708.7433035373688,159544,r13c24.bullx,10.140.2.218,708.7433035373688,0,120,173_beta=2.0566e-10,5,2.0565824286092867e-10,2,3,"[4, 2, 1]"
dd087_00174,0.5650482177734375,-7.851419468352105e-06,5.996898412704468,True,,,30,c5caa36498fb4b20ac3576ddc80d8ff2,2021-12-15_21-43-15,1639597395,174.62457489967346,188472,r13c24.bullx,10.140.2.218,174.62457489967346,0,30,174_beta=0.002481,5,0.0024809703252122645,2,3,"[4, 2, 1]"
dd087_00175,0.010557820089161396,-578.0291748046875,4.575357675552368,True,,,350,43caa747993f4510be4b7df4ad2ab7c1,2021-12-15_22-14-21,1639599261,2000.227438211441,212480,r13c24.bullx,10.140.2.218,2000.227438211441,0,350,175_beta=4.9389e-10,5,4.938920805107541e-10,2,3,"[4, 2, 1]"
dd087_00176,0.5650564432144165,-9.253037802636754e-08,5.7496819496154785,True,,,30,5701914d62ba4b62b4e02a3f43cc27fd,2021-12-15_21-45-41,1639597541,175.69275426864624,3995,r13c24.bullx,10.140.2.218,175.69275426864624,0,30,176_beta=2.4944,5,2.4944368634335645,2,3,"[4, 2, 1]"
dd087_00177,0.011582988314330578,-32.47291564941406,5.964468717575073,True,,,120,b4f8b053a9b04b60ae47177d7fc33d45,2021-12-15_21-55-03,1639598103,704.4546356201172,22892,r13c24.bullx,10.140.2.218,704.4546356201172,0,120,177_beta=3.7705e-07,5,3.7704581451814886e-07,2,3,"[4, 2, 1]"
dd087_00178,0.5650590658187866,-9.311774107345627e-08,5.90651798248291,True,,,30,4490caa9cd854a95b62cb79ffb7d7291,2021-12-15_21-48-38,1639597718,174.09620881080627,108149,r13c24.bullx,10.140.2.218,174.09620881080627,0,30,178_beta=3.3194,5,3.319425620579474,2,3,"[4, 2, 1]"
dd087_00179,0.04307733103632927,-7.799100399017334,5.897649526596069,True,,,60,d48c89bf07e04f4cbc3fe5acb77c1d6e,2021-12-15_21-54-28,1639598068,361.31956148147583,204576,r13c24.bullx,10.140.2.218,361.31956148147583,0,60,179_beta=6.6158e-05,5,6.61575104925741e-05,2,3,"[4, 2, 1]"
dd087_00180,0.01666496880352497,-26.228609085083008,5.8948047161102295,True,,,60,6b0daed10ad14f5ba50c393f8f7cf690,2021-12-15_21-54-40,1639598080,358.1670355796814,212192,r13c24.bullx,10.140.2.218,358.1670355796814,0,60,180_beta=1.9928e-06,5,1.9927546161010357e-06,2,3,"[4, 2, 1]"
dd087_00181,0.5650497674942017,-8.817998065069332e-08,5.7857677936553955,True,,,30,b296ff23e0904d86af4c0256fd689cad,2021-12-15_21-52-55,1639597975,173.33499765396118,258397,r13c24.bullx,10.140.2.218,173.33499765396118,0,30,181_beta=0.40523,5,0.4052309544846164,2,3,"[4, 2, 1]"
dd087_00182,0.139428049325943,-3.7441246509552,5.8936920166015625,True,,,30,1ceb2810a1934ea6bd1c08070e5be34f,2021-12-15_21-54-22,1639598062,177.0560851097107,37283,r13c24.bullx,10.140.2.218,177.0560851097107,0,30,182_beta=0.00040068,5,0.0004006775163569537,2,3,"[4, 2, 1]"
dd087_00183,0.06800232082605362,-14.7521333694458,6.011944055557251,True,,,30,191805d1c9e5471f9f47ab30e172f434,2021-12-15_21-55-56,1639598156,177.7203824520111,92983,r13c24.bullx,10.140.2.218,177.7203824520111,0,30,183_beta=2.5366e-05,5,2.536557924804095e-05,2,3,"[4, 2, 1]"
dd087_00184,0.023665109649300575,-15.949969291687012,5.885849475860596,True,,,60,fe8cf55bc32d457aad6c6fe457cc04f2,2021-12-15_22-00-16,1639598416,354.6420588493347,141460,r13c24.bullx,10.140.2.218,354.6420588493347,0,60,184_beta=1.3573e-05,5,1.3572603285132611e-05,2,3,"[4, 2, 1]"
dd087_00185,0.5650485157966614,-1.9163408637723478e-07,5.945514917373657,True,,,30,4560b0e3752144f981654fd234f2b658,2021-12-15_21-57-23,1639598243,177.41810011863708,142568,r13c24.bullx,10.140.2.218,177.41810011863708,0,30,185_beta=0.020828,5,0.020828376927051907,2,3,"[4, 2, 1]"
dd087_00186,0.5650485754013062,-1.67469764278394e-07,5.8759236335754395,True,,,30,47576fcdc0a541ebb35f410aaa506d81,2021-12-15_21-57-27,1639598247,175.62148141860962,147214,r13c24.bullx,10.140.2.218,175.62148141860962,0,30,186_beta=0.023483,5,0.023482657571081252,2,3,"[4, 2, 1]"
dd087_00187,0.5650485157966614,-1.0568022617007955e-06,5.641892910003662,True,,,30,fd53d178117a4c26a63b2023d517d6e9,2021-12-15_21-57-38,1639598258,174.8598084449768,153259,r13c24.bullx,10.140.2.218,174.8598084449768,0,30,187_beta=0.0066525,5,0.006652500532377663,2,3,"[4, 2, 1]"
dd087_00188,0.011545868590474129,-549.8270263671875,5.89726185798645,True,,,120,bafdfcdc366243e69bd5e3a407d10c9c,2021-12-15_22-06-54,1639598814,707.2873251438141,167229,r13c24.bullx,10.140.2.218,707.2873251438141,0,120,188_beta=3.0218e-09,5,3.0217754782046558e-09,2,3,"[4, 2, 1]"
dd087_00189,0.012146270833909512,-26.89051628112793,5.7384562492370605,True,,,120,6c89c210ecb745638cd1db824277dc69,2021-12-15_22-07-54,1639598874,714.3369445800781,198451,r13c24.bullx,10.140.2.218,714.3369445800781,0,120,189_beta=8.1065e-07,5,8.106496651362769e-07,2,3,"[4, 2, 1]"
dd087_00190,0.015609142370522022,-334.8040771484375,5.671167612075806,True,,,60,826682b7d69549f8b9d1d3d4bb464ac0,2021-12-15_22-03-16,1639598596,350.34945344924927,249620,r13c24.bullx,10.140.2.218,350.34945344924927,0,60,190_beta=2.2334e-08,5,2.2333913236175668e-08,2,3,"[4, 2, 1]"
dd087_00191,0.12059669941663742,-3.6426427364349365,6.048071384429932,True,,,30,c35f06162e9f405b8abdff3cc68fec3b,2021-12-15_22-00-28,1639598428,177.0817527770996,251604,r13c24.bullx,10.140.2.218,177.0817527770996,0,30,191_beta=0.00034255,5,0.0003425543452158847,2,3,"[4, 2, 1]"
dd087_00192,0.011542567983269691,-435.7243957519531,5.892739295959473,True,,,120,2cb7b8153f144de883ec36ff98e8a53b,2021-12-15_22-09-34,1639598974,712.4956669807434,257899,r13c24.bullx,10.140.2.218,712.4956669807434,0,120,192_beta=5.0766e-09,5,5.0765621015542376e-09,2,3,"[4, 2, 1]"
dd087_00193,0.011772146448493004,-29.45960235595703,5.072232246398926,True,,,120,d81538d55419484c9ad3b229a6afe617,2021-12-15_22-11-46,1639599106,686.1779386997223,81616,r13c24.bullx,10.140.2.218,686.1779386997223,0,120,193_beta=5.5427e-07,5,5.542699970302183e-07,2,3,"[4, 2, 1]"
dd087_00194,0.01560111716389656,-146.42286682128906,5.722696781158447,True,,,60,12540caf90084bfda8564f8ac92aec5f,2021-12-15_22-06-24,1639598784,352.835964679718,88341,r13c24.bullx,10.140.2.218,352.835964679718,0,60,194_beta=7.2119e-08,5,7.211876495420148e-08,2,3,"[4, 2, 1]"
dd087_00195,0.010538127273321152,-122.82160949707031,4.029618978500366,True,,,350,446f35ad877449849a4cf1952a74ae3b,2021-12-15_22-30-06,1639600206,1606.3394083976746,187359,r13c24.bullx,10.140.2.218,1606.3394083976746,0,350,195_beta=9.131e-09,5,9.130967201447384e-09,2,3,"[4, 2, 1]"
dd087_00196,0.5650650858879089,-9.52522967168079e-08,5.8931355476379395,True,,,30,f75c3c5c812f4f1990c41782f73b4dfc,2021-12-15_22-09-23,1639598963,175.4687099456787,26850,r13c24.bullx,10.140.2.218,175.4687099456787,0,30,196_beta=5.0855,5,5.085521997308408,2,3,"[4, 2, 1]"
dd087_00197,0.06774207949638367,-7.894520282745361,5.485845327377319,True,,,30,0dfee5afa72c4ecead579ad7a6903bdf,2021-12-15_22-09-53,1639598993,175.12028050422668,44367,r13c24.bullx,10.140.2.218,175.12028050422668,0,30,197_beta=9.0825e-05,5,9.082493698809528e-05,2,3,"[4, 2, 1]"
dd087_00198,0.010557913221418858,-561.8694458007812,4.032857656478882,True,,,350,e827d3ad987e4c549a770fa11ef81c7a,2021-12-15_22-33-12,1639600392,1514.5366938114166,79371,r13c24.bullx,10.140.2.218,1514.5366938114166,0,350,198_beta=5.4831e-10,5,5.483072575982782e-10,2,3,"[4, 2, 1]"
dd087_00199,0.5650487542152405,-2.7600179237197153e-05,4.792603254318237,True,,,30,16dd128bcef246fca946947c17273196,2021-12-15_22-12-02,1639599122,155.68162655830383,132049,r13c24.bullx,10.140.2.218,155.68162655830383,0,30,199_beta=0.00080021,5,0.0008002079773872893,2,3,"[4, 2, 1]"
